Workbook

Sheet 00 Start Here
B1: Attention Is All You Need — A Teaching Workbook
B2: Vaswani, Shazeer, Parmar, Uszkoreit, Jones, Gomez, Kaiser & Polosukhin (2017). NeurIPS 2017. arXiv:1706.03762 (v7). This workbook explains the paper for a newcomer, one concept per sheet.
B4: BIG IDEA: In 2017 this paper replaced the step-by-step reading of sentences with a mechanism called attention, letting every word look at every other word at once. That design — the Transformer — is the foundation of today's large language models.
B5: How each sheet is organised
B6: • BIG IDEA — the concept in one or two sentences.
B7: • Plain-English explanation and an ANALOGY from everyday life.
B8: • The paper's FORMULA, then a table reading it symbol by symbol, with the paper's actual values.
B9: • EXAMPLE 1 (simplest) — tiny numbers you could check with a pencil, every step expanded.
B10: • EXAMPLE 2+ (moderate) — larger or more realistic cases, often reproducing a number printed in the paper.
B11: • CHECK YOURSELF — short questions with answers.
B12: Colour legend
B13: 1.5 | C13: Input — blue on yellow. Type over it; everything downstream recalculates.
B14: =B13*2 -> 3 | C14: Formula — black. Never typed in by hand; always computed.
B15: =B13 -> 1.5 | C15: Link — green. Pulled live from another sheet (the running example flows between sheets).
B16: =B13*3 -> 4.5 | C16: Key result — bold on green.
B17: Show the work | C17: Grey rows rebuild the arithmetic as live text, e.g. '1×2 + 0×1 = 2', so you can follow every step.
B19: The running example: one sentence through a whole encoder layer
B20: The English sentence 'the cat sat' is carried through the sheets using a tiny model (d_model = 4 numbers per word instead of 512): its tokens are looked up (03), given positions (04), turned into queries/keys/values (05), attended over (06, 08), added and normalised (10), and passed through the feed-forward network (11). Change a word on sheet 03 (e.g. 'sat' → 'cat') and watch every downstream number update.
B21: Contents (click a sheet name)
B22: Sheet | E22: What you'll learn | L22: Paper section | N22: Level
B23: 01 Math Toolkit | E23: Vectors, dot products, matrices, softmax, mean/variance, ReLU, log | L23: prerequisite | N23: ★☆☆
B24: 02 Big Picture | E24: The translation task, RNN limits, the Transformer's one big idea, Figure 1 | L24: Abstract, §1–3 | N24: ★☆☆
B25: 03 Embeddings | E25: Tokens (BPE), embedding lookup, ×√d_model, shared weights | L25: §3.4, §5.1 | N25: ★☆☆
B26: 04 Positional Enc | E26: Sine/cosine position stamps; why shifts are rotations | L26: §3.5 | N26: ★★☆
B27: 05 Query-Key-Value | E27: Attention as a soft dictionary lookup; X·W_Q, X·W_K, X·W_V | L27: §3.2 | N27: ★☆☆
B28: 06 Scaled Attention | E28: Equation (1) step by step; why divide by √d_k | L28: §3.2.1 | N28: ★★☆
B29: 07 Masking | E29: Hiding future words in the decoder; teacher forcing | L29: §3.1, §3.2.3 | N29: ★★☆
B30: 08 Multi-Head | E30: h parallel heads, concat, W_O; Table 3 rows A/B | L30: §3.2.2 | N30: ★★☆
B31: 09 Three Attentions | E31: Encoder self-, masked decoder self-, and cross-attention | L31: §3.2.3 | N31: ★☆☆
B32: 10 Add and Norm | E32: Residual connections and layer normalisation | L32: §3.1 | N32: ★★☆
B33: 11 Feed-Forward | E33: Equation (2); completes a full encoder layer by formula | L33: §3.3 | N33: ★★☆
... B42: 20 Glossary | E42: Every symbol and term | L42: — | N42: —
B43: Suggested learning path
B44: • Complete beginner: 01 → 02 → 05 → 06 → 08 → 04 → 03 → 09, then the rest in order.
B45: • Comfortable with basic linear algebra: 02 → 03 → 04 → 05 → 06 → 07 → 08 → 10 → 11 → 12 → 17.
B46: • Interested in training and results: 13 → 14 → 15 → 16 → 18 → 19.
B47: The paper in one paragraph
B48: Each input word becomes a vector (embedding) with a position pattern added. In the encoder, six identical layers each let every word gather information from every other word (multi-head self-attention) and then process it individually (feed-forward), with residual connections and layer normalisation around both. The decoder does the same over the words written so far — masked so it can't see the future — plus a cross-attention step that looks at the encoded input. A final softmax over the vocabulary predicts the next word. Trained with Adam, a warm-up learning-rate schedule, dropout and label smoothing, the model beat all previous translation systems at a fraction of their training cost.
B49: NOTE: All example numbers (embeddings, weights, probabilities) are small made-up values chosen to be readable, unless a row says 'Source: the paper'. Values quoted from the paper are cited to their section or table.

Sheet 01 Math Toolkit
B1: 01 · The Math Toolkit — every piece of math the paper uses, from zero
B2: Prerequisite sheet. Nothing here is new research; it is the vocabulary the paper assumes you already speak.
B4: BIG IDEA: The whole Transformer is built from only a handful of operations: multiply-and-add (dot products), tables of numbers (matrices), turning scores into percentages (softmax), and a few averages. Master these ten small tools and every equation in the paper becomes readable.
B5: How to read the colours in every sheet: BLUE numbers on a yellow background are inputs — type over them. BLACK numbers are live formulas. GREEN numbers are pulled from another sheet. Green-shaded bold cells are the key results. The grey 'Show the work' lines rebuild the arithmetic as text, so you can check it by hand.
B7: Tool 1 · A vector is just a list of numbers that describes something
B8: Imagine describing fruit to a friend who can't see it, using only two scores out of 10: how SWEET it is and how CRUNCHY it is. A mango might be [9, 1] and a carrot [2, 9]. That list is a vector. Each position has a fixed meaning (position 1 = sweetness, position 2 = crunchiness).
B9: In the paper every word (token) is described by a list of d_model = 512 numbers. Nobody decides what each of the 512 positions means — the model learns it — but the idea is the same as our fruit scores.
B10: Simplest example — fruit as 2-number vectors
C11: sweet | D11: crunchy
B12: mango | C12: 9 | D12: 1
B13: carrot | C13: 2 | D13: 9
B14: apple | C14: 6 | D14: 7
B16: Tool 2 · The dot product — 'how much do two vectors agree?'
B17: a · b = a₁×b₁ + a₂×b₂ + … + aₙ×bₙ
B18: Multiply the numbers position by position, then add everything up. The answer is ONE number. It is large and positive when the two lists are high in the same places (they 'agree'), near zero when they are unrelated, and negative when they disagree. Attention is built on this single idea: a word asks 'how well do I match you?' by taking a dot product.
B19: Example 1 (simplest): a = [1, 2], b = [3, 4]
B20: Vector a | E20: Vector b
C21: pos 1 | D21: pos 2 | F21: pos 1 | G21: pos 2
C22: 1 | D22: 2 | F22: 3 | G22: 4
B24: a₁ × b₁ | C24: =C22*F22 -> 3 | D24: first pair multiplied
B25: a₂ × b₂ | C25: =D22*G22 -> 8 | D25: second pair multiplied
B26: a · b | C26: =C24+C25 -> 11 | D26: add the products
B27: Show the work | C27: ="a·b = "&IF(ROUND(C22,3)<0,"("&ROUND(C22,3)&")",ROUND(C22,3)&"")&"×"&IF(ROUND(F22,3)<0,"("&ROUND(F22,3)&")",ROUND(F22,3)&"")&" + "&IF(ROUND(D22,3)<0,"("&ROUND(D22,3)&")",ROUND(D22,3)&"")&"×"&IF(ROUND(G22,3)<0,"("&ROUND(G22,3)&")",ROUND(G22,3)&"")&" = "&IF(ROUND(C26,3)<0,"("&ROUND(C26,3)&")",ROUND(C26,3)&"") -> a·b = 1×3 + 2×4 = 11
B29: Example 2 (moderate): are 'king' and 'queen' more alike than 'king' and 'apple'?
B30: Below are made-up 4-number word vectors (features could loosely be: royalty, person-ness, food-ness, femaleness). The raw dot product grows with the SIZE of vectors, so we also compute COSINE SIMILARITY = dot ÷ (length of a × length of b), which ignores size and ranges from −1 (opposite) to +1 (same direction). Length = √(sum of squares).
B31: Word vectors (illustrative)
C32: royal | D32: person | E32: food | F32: female
B33: king | C33: 0.9 | D33: 0.8 | E33: 0.1 | F33: 0.1
B34: queen | C34: 0.85 | D34: 0.75 | E34: 0.1 | F34: 0.9
B35: apple | C35: 0 | D35: 0.1 | E35: 0.95 | F35: 0.2
B37: Pair | C37: Dot product | E37: Length of 1st | G37: Length of 2nd | I37: Cosine similarity | K37: Reading
B38: king · queen | C38: =C33*C34+D33*D34+E33*E34+F33*F34 -> 1.465 | E38: =SQRT(SUMSQ(C33:F33)) -> 1.2124356 | G38: =SQRT(SUMSQ(C34:F34)) -> 1.4508618 | I38: =C38/(E38*G38) -> 0.83282338 | K38: =IF(C33*C34+D33*D34+E33*E34+F33*F34/(SQRT(SUMSQ(C33:F33))*SQRT(SUMSQ(C34:F34)))>0.5,"similar","not similar") -> similar
B39: king · apple | C39: =C33*C35+D33*D35+E33*E35+F33*F35 -> 0.195 | E39: =SQRT(SUMSQ(C33:F33)) -> 1.2124356 | G39: =SQRT(SUMSQ(C35:F35)) -> 0.97596106 | I39: =C39/(E39*G39) -> 0.16479478 | K39: =IF(C33*C35+D33*D35+E33*E35+F33*F35/(SQRT(SUMSQ(C33:F33))*SQRT(SUMSQ(C35:F35)))>0.5,"similar","not similar") -> not similar
B40: queen · apple | C40: =C34*C35+D34*D35+E34*E35+F34*F35 -> 0.35 | E40: =SQRT(SUMSQ(C34:F34)) -> 1.4508618 | G40: =SQRT(SUMSQ(C35:F35)) -> 0.97596106 | I40: =C40/(E40*G40) -> 0.24717782 | K40: =IF(C34*C35+D34*D35+E34*E35+F34*F35/(SQRT(SUMSQ(C34:F34))*SQRT(SUMSQ(C35:F35)))>0.5,"similar","not similar") -> not similar
B41: Show the work | C41: ="king·queen = "&IF(ROUND(C33,3)<0,"("&ROUND(C33,3)&")",ROUND(C33,3)&"")&"×"&IF(ROUND(C34,3)<0,"("&ROUND(C34,3)&")",ROUND(C34,3)&"")&" + "&IF(ROUND(D33,3)<0,"("&ROUND(D33,3)&")",ROUND(D33,3)&"")&"×"&IF(ROUND(D34,3)<0,"("&ROUND(D34,3)&")",ROUND(D34,3)&"")&" + "&IF(ROUND(E33,3)<0,"("&ROUND(E33,3)&")",ROUND(E33,3)&"")&"×"&IF(ROUND(E34,3)<0,"("&ROUND(E34,3)&")",ROUND(E34,3)&"")&" + "&IF(ROUND(F33,3)<0,"("&ROUND(F33,3)&")",ROUND(F33,3)&"")&"×"&IF(ROUND(F34,3)<0,"("&ROUND(F34,3)&")",ROUND(F34,3)&"")&" = "&IF(ROUND(C38,3)<0,"("&ROUND(C38,3)&")",ROUND(C38,3)&"") -> king·queen = 0.9×0.85 + 0.8×0.75 + 0.1×0.1 + 0.1×0.9 = 1.465
B43: Tool 3 · A matrix is a table of vectors; the transpose flips it
B44: Stack several vectors as rows and you get a matrix. In the paper, a sentence of n words becomes a matrix with n rows (one per word) and 512 columns (one per feature). The TRANSPOSE (written with a superscript T, e.g. Kᵀ) swaps rows and columns: row 1 becomes column 1. The paper needs Kᵀ so that every word's query can be multiplied against every word's key in one go.
B45: Matrix K (2 rows × 3 columns) | G45: Kᵀ (3 × 2) — live formulas
C46: col 1 | D46: col 2 | E46: col 3 | H46: from row 1 | I46: from row 2
B47: row 1 | C47: 1 | D47: 2 | E47: 3 | G47: col 1→row | H47: =C47 -> 1 | I47: =C48 -> 4
B48: row 2 | C48: 4 | D48: 5 | E48: 6 | G48: col 2→row | H48: =D47 -> 2 | I48: =D48 -> 5
G49: col 3→row | H49: =E47 -> 3 | I49: =E48 -> 6
B51: Tool 4 · Matrix multiplication = many dot products at once
B52: (A · B)[row i, column j] = (row i of A) · (column j of B)
B53: To multiply A by B, take each ROW of A and dot it with each COLUMN of B. The rule of thumb: an (m × p) matrix times a (p × q) matrix gives an (m × q) matrix — the inner sizes (p) must match and 'cancel'. This is the workhorse of the Transformer: turning words into queries, keys and values is one matrix multiplication each.
B54: Example 1 (simplest): 2×2 times 2×2
B55: A | E55: B | H55: A · B
C56: c1 | D56: c2 | F56: c1 | G56: c2 | I56: c1 | J56: c2
B57: r1 | C57: 1 | D57: 2 | E57: r1 | F57: 5 | G57: 6 | H57: r1 | I57: =C57*F57+D57*F58 -> 19 | J57: =C57*G57+D57*G58 -> 22
B58: r2 | C58: 3 | D58: 4 | E58: r2 | F58: 7 | G58: 8 | H58: r2 | I58: =C58*F57+D58*F58 -> 43 | J58: =C58*G57+D58*G58 -> 50
B60: cell (1,1) | C60: =IF(ROUND(C57,3)<0,"("&ROUND(C57,3)&")",ROUND(C57,3)&"")&"×"&IF(ROUND(F57,3)<0,"("&ROUND(F57,3)&")",ROUND(F57,3)&"")&" + "&IF(ROUND(D57,3)<0,"("&ROUND(D57,3)&")",ROUND(D57,3)&"")&"×"&IF(ROUND(F58,3)<0,"("&ROUND(F58,3)&")",ROUND(F58,3)&"")&" = "&IF(ROUND(I57,3)<0,"("&ROUND(I57,3)&")",ROUND(I57,3)&"") -> 1×5 + 2×7 = 19
B61: cell (1,2) | C61: =IF(ROUND(C57,3)<0,"("&ROUND(C57,3)&")",ROUND(C57,3)&"")&"×"&IF(ROUND(G57,3)<0,"("&ROUND(G57,3)&")",ROUND(G57,3)&"")&" + "&IF(ROUND(D57,3)<0,"("&ROUND(D57,3)&")",ROUND(D57,3)&"")&"×"&IF(ROUND(G58,3)<0,"("&ROUND(G58,3)&")",ROUND(G58,3)&"")&" = "&IF(ROUND(J57,3)<0,"("&ROUND(J57,3)&")",ROUND(J57,3)&"") -> 1×6 + 2×8 = 22
B62: cell (2,1) | C62: =IF(ROUND(C58,3)<0,"("&ROUND(C58,3)&")",ROUND(C58,3)&"")&"×"&IF(ROUND(F57,3)<0,"("&ROUND(F57,3)&")",ROUND(F57,3)&"")&" + "&IF(ROUND(D58,3)<0,"("&ROUND(D58,3)&")",ROUND(D58,3)&"")&"×"&IF(ROUND(F58,3)<0,"("&ROUND(F58,3)&")",ROUND(F58,3)&"")&" = "&IF(ROUND(I58,3)<0,"("&ROUND(I58,3)&")",ROUND(I58,3)&"") -> 3×5 + 4×7 = 43
B63: cell (2,2) | C63: =IF(ROUND(C58,3)<0,"("&ROUND(C58,3)&")",ROUND(C58,3)&"")&"×"&IF(ROUND(G57,3)<0,"("&ROUND(G57,3)&")",ROUND(G57,3)&"")&" + "&IF(ROUND(D58,3)<0,"("&ROUND(D58,3)&")",ROUND(D58,3)&"")&"×"&IF(ROUND(G58,3)<0,"("&ROUND(G58,3)&")",ROUND(G58,3)&"")&" = "&IF(ROUND(J58,3)<0,"("&ROUND(J58,3)&")",ROUND(J58,3)&"") -> 3×6 + 4×8 = 50
B65: Example 2 (moderate): 3 words × 4 features, times a 4 × 2 'lens' = 3 words × 2 new features
B66: This is EXACTLY the shape of the operation Q = X · W_Q in the paper (only smaller): each of 3 words has 4 features; the weight matrix W re-mixes them into 2 new features. Every output number is a weighted blend of one word's original features.
B67: X (3 words × 4 features) | G67: W (4 × 2) | J67: X · W (3 × 2)
C68: f1 | D68: f2 | E68: f3 | F68: f4 | H68: new 1 | I68: new 2 | K68: new 1 | L68: new 2
B69: word 1 | C69: 1 | D69: 0 | E69: 2 | F69: 1 | G69: f1 | H69: 0.5 | I69: 1 | J69: word 1 | K69: =C69*H69+D69*H70+E69*H71+F69*H72 -> 1.5 | L69: =C69*I69+D69*I70+E69*I71+F69*I72 -> 1
B70: word 2 | C70: 0 | D70: 1 | E70: 1 | F70: 0 | G70: f2 | H70: 1 | I70: 0 | J70: word 2 | K70: =C70*H69+D70*H70+E70*H71+F70*H72 -> 1 | L70: =C70*I69+D70*I70+E70*I71+F70*I72 -> 0.5
B71: word 3 | C71: 2 | D71: 1 | E71: 0 | F71: 1 | G71: f3 | H71: 0 | I71: 0.5 | J71: word 3 | K71: =C71*H69+D71*H70+E71*H71+F71*H72 -> 3 | L71: =C71*I69+D71*I70+E71*I71+F71*I72 -> 1
G72: f4 | H72: 1 | I72: -1
B74: word 1, new 1 | C74: =IF(ROUND(C69,3)<0,"("&ROUND(C69,3)&")",ROUND(C69,3)&"")&"×"&IF(ROUND(H69,3)<0,"("&ROUND(H69,3)&")",ROUND(H69,3)&"")&" + "&IF(ROUND(D69,3)<0,"("&ROUND(D69,3)&")",ROUND(D69,3)&"")&"×"&IF(ROUND(H70,3)<0,"("&ROUND(H70,3)&")",ROUND(H70,3)&"")&" + "&IF(ROUND(E69,3)<0,"("&ROUND(E69,3)&")",ROUND(E69,3)&"")&"×"&IF(ROUND(H71,3)<0,"("&ROUND(H71,3)&")",ROUND(H71,3)&"")&" + "&IF(ROUND(F69,3)<0,"("&ROUND(F69,3)&")",ROUND(F69,3)&"")&"×"&IF(ROUND(H72,3)<0,"("&ROUND(H72,3)&")",ROUND(H72,3)&"")&" = "&IF(ROUND(K69,3)<0,"("&ROUND(K69,3)&")",ROUND(K69,3)&"") -> 1×0.5 + 0×1 + 2×0 + 1×1 = 1.5
B75: word 1, new 2 | C75: =IF(ROUND(C69,3)<0,"("&ROUND(C69,3)&")",ROUND(C69,3)&"")&"×"&IF(ROUND(I69,3)<0,"("&ROUND(I69,3)&")",ROUND(I69,3)&"")&" + "&IF(ROUND(D69,3)<0,"("&ROUND(D69,3)&")",ROUND(D69,3)&"")&"×"&IF(ROUND(I70,3)<0,"("&ROUND(I70,3)&")",ROUND(I70,3)&"")&" + "&IF(ROUND(E69,3)<0,"("&ROUND(E69,3)&")",ROUND(E69,3)&"")&"×"&IF(ROUND(I71,3)<0,"("&ROUND(I71,3)&")",ROUND(I71,3)&"")&" + "&IF(ROUND(F69,3)<0,"("&ROUND(F69,3)&")",ROUND(F69,3)&"")&"×"&IF(ROUND(I72,3)<0,"("&ROUND(I72,3)&")",ROUND(I72,3)&"")&" = "&IF(ROUND(L69,3)<0,"("&ROUND(L69,3)&")",ROUND(L69,3)&"") -> 1×1 + 0×0 + 2×0.5 + 1×(-1) = 1
B76: word 2, new 1 | C76: =IF(ROUND(C70,3)<0,"("&ROUND(C70,3)&")",ROUND(C70,3)&"")&"×"&IF(ROUND(H69,3)<0,"("&ROUND(H69,3)&")",ROUND(H69,3)&"")&" + "&IF(ROUND(D70,3)<0,"("&ROUND(D70,3)&")",ROUND(D70,3)&"")&"×"&IF(ROUND(H70,3)<0,"("&ROUND(H70,3)&")",ROUND(H70,3)&"")&" + "&IF(ROUND(E70,3)<0,"("&ROUND(E70,3)&")",ROUND(E70,3)&"")&"×"&IF(ROUND(H71,3)<0,"("&ROUND(H71,3)&")",ROUND(H71,3)&"")&" + "&IF(ROUND(F70,3)<0,"("&ROUND(F70,3)&")",ROUND(F70,3)&"")&"×"&IF(ROUND(H72,3)<0,"("&ROUND(H72,3)&")",ROUND(H72,3)&"")&" = "&IF(ROUND(K70,3)<0,"("&ROUND(K70,3)&")",ROUND(K70,3)&"") -> 0×0.5 + 1×1 + 1×0 + 0×1 = 1
B77: word 2, new 2 | C77: =IF(ROUND(C70,3)<0,"("&ROUND(C70,3)&")",ROUND(C70,3)&"")&"×"&IF(ROUND(I69,3)<0,"("&ROUND(I69,3)&")",ROUND(I69,3)&"")&" + "&IF(ROUND(D70,3)<0,"("&ROUND(D70,3)&")",ROUND(D70,3)&"")&"×"&IF(ROUND(I70,3)<0,"("&ROUND(I70,3)&")",ROUND(I70,3)&"")&" + "&IF(ROUND(E70,3)<0,"("&ROUND(E70,3)&")",ROUND(E70,3)&"")&"×"&IF(ROUND(I71,3)<0,"("&ROUND(I71,3)&")",ROUND(I71,3)&"")&" + "&IF(ROUND(F70,3)<0,"("&ROUND(F70,3)&")",ROUND(F70,3)&"")&"×"&IF(ROUND(I72,3)<0,"("&ROUND(I72,3)&")",ROUND(I72,3)&"")&" = "&IF(ROUND(L70,3)<0,"("&ROUND(L70,3)&")",ROUND(L70,3)&"") -> 0×1 + 1×0 + 1×0.5 + 0×(-1) = 0.5
B78: word 3, new 1 | C78: =IF(ROUND(C71,3)<0,"("&ROUND(C71,3)&")",ROUND(C71,3)&"")&"×"&IF(ROUND(H69,3)<0,"("&ROUND(H69,3)&")",ROUND(H69,3)&"")&" + "&IF(ROUND(D71,3)<0,"("&ROUND(D71,3)&")",ROUND(D71,3)&"")&"×"&IF(ROUND(H70,3)<0,"("&ROUND(H70,3)&")",ROUND(H70,3)&"")&" + "&IF(ROUND(E71,3)<0,"("&ROUND(E71,3)&")",ROUND(E71,3)&"")&"×"&IF(ROUND(H71,3)<0,"("&ROUND(H71,3)&")",ROUND(H71,3)&"")&" + "&IF(ROUND(F71,3)<0,"("&ROUND(F71,3)&")",ROUND(F71,3)&"")&"×"&IF(ROUND(H72,3)<0,"("&ROUND(H72,3)&")",ROUND(H72,3)&"")&" = "&IF(ROUND(K71,3)<0,"("&ROUND(K71,3)&")",ROUND(K71,3)&"") -> 2×0.5 + 1×1 + 0×0 + 1×1 = 3
B79: word 3, new 2 | C79: =IF(ROUND(C71,3)<0,"("&ROUND(C71,3)&")",ROUND(C71,3)&"")&"×"&IF(ROUND(I69,3)<0,"("&ROUND(I69,3)&")",ROUND(I69,3)&"")&" + "&IF(ROUND(D71,3)<0,"("&ROUND(D71,3)&")",ROUND(D71,3)&"")&"×"&IF(ROUND(I70,3)<0,"("&ROUND(I70,3)&")",ROUND(I70,3)&"")&" + "&IF(ROUND(E71,3)<0,"("&ROUND(E71,3)&")",ROUND(E71,3)&"")&"×"&IF(ROUND(I71,3)<0,"("&ROUND(I71,3)&")",ROUND(I71,3)&"")&" + "&IF(ROUND(F71,3)<0,"("&ROUND(F71,3)&")",ROUND(F71,3)&"")&"×"&IF(ROUND(I72,3)<0,"("&ROUND(I72,3)&")",ROUND(I72,3)&"")&" = "&IF(ROUND(L71,3)<0,"("&ROUND(L71,3)&")",ROUND(L71,3)&"") -> 2×1 + 1×0 + 0×0.5 + 1×(-1) = 1
B81: Tool 5 · The exponential eˣ — makes everything positive and exaggerates differences
B82: e ≈ 2.71828 is a special constant. eˣ is always positive (even for negative x), e⁰ = 1, and it grows very fast: every +1 in x multiplies the result by about 2.7. Softmax uses eˣ precisely because of these two properties: positivity (so we can make percentages) and exaggeration (so the best match stands out).
B83: x | C83: eˣ (live) | E83: Plain reading
B84: -2 | C84: =EXP(B84) -> 0.13533528 | E84: small but still positive
B85: -1 | C85: =EXP(B85) -> 0.36787944 | E85: about 1/2.7
B86: 0 | C86: =EXP(B86) -> 1 | E86: exactly 1
B87: 1 | C87: =EXP(B87) -> 2.7182818 | E87: e itself
B88: 2 | C88: =EXP(B88) -> 7.3890561 | E88: 2.7 × 2.7
B89: 5 | C89: =EXP(B89) -> 148.41316 | E89: already ~148
B90: 10 | C90: =EXP(B90) -> 22026.466 | E90: ~22,000 — tiny changes in x become huge
B92: Tool 6 · Softmax — turn any list of scores into percentages that add up to 100%
B93: softmax(xᵢ) = e^(xᵢ) ÷ ( e^(x₁) + e^(x₂) + … + e^(xₙ) )
B94: Step 1: raise e to each score (everything becomes positive). Step 2: add them up. Step 3: divide each by the total. The results are between 0 and 1 and sum to exactly 1, so we can read them as 'how much attention goes to each item'.
B95: Example 1 (simplest): scores [2, 1, 0.1]
B96: Scores
C97: item 1 | D97: item 2 | E97: item 3
C98: 2 | D98: 1 | E98: 0.1
B99: Step 1: e^score
C100: item 1 | D100: item 2 | E100: item 3
C101: =EXP(C98) -> 7.3890561 | D101: =EXP(D98) -> 2.7182818 | E101: =EXP(E98) -> 1.1051709
B102: Step 2: total | C102: =SUM(C101:E101) -> 11.212509 | D102: add the three exponentials
B103: Step 3: softmax = e^score ÷ total
C104: item 1 | D104: item 2 | E104: item 3
C105: =C101/C102 -> 0.65900114 | D105: =D101/C102 -> 0.24243297 | E105: =E101/C102 -> 0.09856589
B106: Check: sum | C106: =SUM(C105:E105) -> 1 | D106: always exactly 1
B107: item 1 | C107: ="e^"&IF(ROUND(C98,3)<0,"("&ROUND(C98,3)&")",ROUND(C98,3)&"")&" ÷ ("&IF(ROUND(C101,3)<0,"("&ROUND(C101,3)&")",ROUND(C101,3)&"")&" + "&IF(ROUND(D101,3)<0,"("&ROUND(D101,3)&")",ROUND(D101,3)&"")&" + "&IF(ROUND(E101,3)<0,"("&ROUND(E101,3)&")",ROUND(E101,3)&"")&") = "&IF(ROUND(C101,3)<0,"("&ROUND(C101,3)&")",ROUND(C101,3)&"")&" ÷ "&IF(ROUND(C102,3)<0,"("&ROUND(C102,3)&")",ROUND(C102,3)&"")&" = "&IF(ROUND(C105,3)<0,"("&ROUND(C105,3)&")",ROUND(C105,3)&"") -> e^2 ÷ (7.389 + 2.718 + 1.105) = 7.389 ÷ 11.213 = 0.659
B108: item 2 | C108: ="e^"&IF(ROUND(D98,3)<0,"("&ROUND(D98,3)&")",ROUND(D98,3)&"")&" ÷ ("&IF(ROUND(C101,3)<0,"("&ROUND(C101,3)&")",ROUND(C101,3)&"")&" + "&IF(ROUND(D101,3)<0,"("&ROUND(D101,3)&")",ROUND(D101,3)&"")&" + "&IF(ROUND(E101,3)<0,"("&ROUND(E101,3)&")",ROUND(E101,3)&"")&") = "&IF(ROUND(D101,3)<0,"("&ROUND(D101,3)&")",ROUND(D101,3)&"")&" ÷ "&IF(ROUND(C102,3)<0,"("&ROUND(C102,3)&")",ROUND(C102,3)&"")&" = "&IF(ROUND(D105,3)<0,"("&ROUND(D105,3)&")",ROUND(D105,3)&"") -> e^1 ÷ (7.389 + 2.718 + 1.105) = 2.718 ÷ 11.213 = 0.242
B109: item 3 | C109: ="e^"&IF(ROUND(E98,3)<0,"("&ROUND(E98,3)&")",ROUND(E98,3)&"")&" ÷ ("&IF(ROUND(C101,3)<0,"("&ROUND(C101,3)&")",ROUND(C101,3)&"")&" + "&IF(ROUND(D101,3)<0,"("&ROUND(D101,3)&")",ROUND(D101,3)&"")&" + "&IF(ROUND(E101,3)<0,"("&ROUND(E101,3)&")",ROUND(E101,3)&"")&") = "&IF(ROUND(E101,3)<0,"("&ROUND(E101,3)&")",ROUND(E101,3)&"")&" ÷ "&IF(ROUND(C102,3)<0,"("&ROUND(C102,3)&")",ROUND(C102,3)&"")&" = "&IF(ROUND(E105,3)<0,"("&ROUND(E105,3)&")",ROUND(E105,3)&"") -> e^0.1 ÷ (7.389 + 2.718 + 1.105) = 1.105 ÷ 11.213 = 0.099
B111: Example 2 (moderate): three experiments that explain later design choices
B112: (a) Adding the same number to every score changes NOTHING (the extra factor cancels top and bottom) — this is why masking can use '−∞' safely and why real code subtracts the max for numerical safety. (b) Multiplying scores by 10 makes softmax nearly 'winner-takes-all'. (c) Dividing by 10 makes it almost uniform. Point (b) is exactly the problem the paper fixes by dividing by √d_k (see sheet 06).
B113: Shift amount | C113: 100 | D113: added to every score in experiment (a)
B114: Multiplier | C114: 10 | D114: used in (b); (c) divides by the same number
...

Sheet 02 Big Picture
B1: 02 · The Big Picture — what problem the paper solves, and its one bold idea
B2: Paper: Abstract, §1 Introduction, §2 Background, §3 (encoder–decoder), Figure 1
B4: BIG IDEA: Before 2017, translation models read a sentence one word at a time, like passing a note down a line of people. The Transformer lets every word look at every other word directly and all at the same time, using only 'attention'. No recurrence, no convolution.
B5: 1. The task: sequence transduction (e.g. translation)
B6: 'Transduction' just means turning one sequence into another: English sentence → German sentence. The paper tests on WMT 2014 English→German (4.5 million sentence pairs) and English→French (36 million sentences).
B7: The standard design is an ENCODER–DECODER. The encoder reads the whole input and produces a rich numeric summary of each input word, z = (z₁…zₙ). The decoder then writes the output ONE word at a time, each time looking at (i) what it has written so far and (ii) the encoder's summary. Writing one word at a time while feeding your own previous words back in is called AUTO-REGRESSIVE generation.
B8: ANALOGY: A human interpreter first listens to the whole English sentence (encoder), then speaks the German translation word by word, glancing back at their notes and at what they have already said (decoder).
B9: 2. The old way (RNNs) and its two problems
B10: Recurrent network: hₜ = f( hₜ₋₁ , xₜ )
B11: A recurrent neural network (RNN, LSTM, GRU) keeps a 'memory' vector hₜ and updates it word by word: the memory after word t depends on the memory after word t−1. The paper names two problems with this:
B12: • NO PARALLELISM: you can't compute step 5 until step 4 is done. GPUs are great at doing thousands of things at once, so a strictly sequential chain wastes them. (§1: 'This inherently sequential nature precludes parallelization within training examples.')
B13: • LONG PATHS: information from word 1 must survive every intermediate update to influence word 50. The longer the path, the harder it is to learn such long-range links (§4 calls this 'maximum path length').
... B17: Example 1 (simplest): a 3-word sentence 'the cat sat'
B18: Words in sentence (n) | C18: 3 | D18: change this number and watch the table update
B19: Quantity | G19: RNN | I19: Self-attention | K19: Why
B20: Sequential steps to process the sentence | G20: =C18 -> 3 | I20: =1 -> 1 | K20: RNN must go word by word; attention handles all words at once
B21: Steps for word 1 to influence word n | G21: =C18-1 -> 2 | I21: =1 -> 1 | K21: RNN passes the message along; attention connects directly
B22: Number of word-pair connections made per layer | G22: =C18-1 -> 2 | I22: =C18^2 -> 9 | K22: attention compares every word with every word (n × n) — the price we pay
B24: Example 2 (moderate): a toy 'telephone game' — how fast does a signal fade over distance?
B25: ILLUSTRATION (not from the paper): suppose each hop through an RNN keeps only a fraction of the useful signal. For attention the distance is always one hop. Change the 'kept per hop' input to explore.
B26: Signal kept per hop | C26: 0.9 | D26: assumption for illustration only
B27: Distance between two words | E27: Signal left via RNN (keep^distance) | H27: Signal left via attention | K27: Reading
B28: 1 | E28: =C26^B28 -> 0.9 | H28: =C26 -> 0.9 | K28: =IF(E28<0.01,"RNN signal essentially lost",IF(E28<0.5,"RNN signal badly faded","RNN still OK")) -> RNN still OK
B29: 5 | E29: =C26^B29 -> 0.59049 | H29: =C26 -> 0.9 | K29: =IF(E29<0.01,"RNN signal essentially lost",IF(E29<0.5,"RNN signal badly faded","RNN still OK")) -> RNN still OK
B30: 10 | E30: =C26^B30 -> 0.34867844 | H30: =C26 -> 0.9 | K30: =IF(E30<0.01,"RNN signal essentially lost",IF(E30<0.5,"RNN signal badly faded","RNN still OK")) -> RNN signal badly faded
B31: 20 | E31: =C26^B31 -> 0.12157665 | H31: =C26 -> 0.9 | K31: =IF(E31<0.01,"RNN signal essentially lost",IF(E31<0.5,"RNN signal badly faded","RNN still OK")) -> RNN signal badly faded
B32: 50 | E32: =C26^B32 -> 0.0051537752 | H32: =C26 -> 0.9 | K32: =IF(E32<0.01,"RNN signal essentially lost",IF(E32<0.5,"RNN signal badly faded","RNN still OK")) -> RNN signal essentially lost
B33: 100 | E33: =C26^B33 -> 2.6561399e-05 | H33: =C26 -> 0.9 | K33: =IF(E33<0.01,"RNN signal essentially lost",IF(E33<0.5,"RNN signal badly faded","RNN still OK")) -> RNN signal essentially lost
B35: 4. The architecture in one picture (Figure 1, redrawn as a list)
B36: Read top to bottom. The left column (encoder) runs once over the whole input. The right column (decoder) runs once per output word. 'N×' means the block is stacked N = 6 times.
C37: ENCODER | I37: DECODER
C38: Input words: 'the cat sat' | I38: Output so far (shifted right): '<s> Die Katze'
C39: Input Embedding (sheet 03) | I39: Output Embedding (shared, sheet 03)
C40: + Positional Encoding (sheet 04) | I40: + Positional Encoding (sheet 04)
C41: ┌ N× encoder layer ┐ | I41: ┌ N× decoder layer ┐
C42: Multi-Head Self-Attention (06, 08) | I42: MASKED Multi-Head Self-Attention (07)
C43: Add & Norm (sheet 10) | I43: Add & Norm
C44: Feed-Forward (sheet 11) | I44: Encoder–Decoder Attention (sheet 09)
C45: Add & Norm (sheet 10) | I45: Add & Norm
C46: └──────────┘ | I46: Feed-Forward, Add & Norm
C47: → memory to decoder → | I47: Linear → Softmax → next word (sheet 12)
B49: 5. The headline results (details on sheet 19)
B50: • English→German: 28.4 BLEU (big model), beating the best previous systems — even ensembles — by more than 2 BLEU.
B51: • English→French: 41.8 BLEU in Table 2 (the text of §6.1 says 41.0 — a known inconsistency in the paper; see sheet 19).
B52: • Cost: the base model trains in about 12 hours on 8 NVIDIA P100 GPUs — a fraction of rivals' cost.
B53: • It also generalised to English constituency parsing with little tuning (Table 4).
B54: Check yourself
B55: Q1. Why can't an RNN use all of a GPU's parallel power on one sentence?
B56: Answer: Because step t needs the result of step t−1 (hₜ depends on hₜ₋₁), so steps must run one after another.
B57: Q2. What does 'auto-regressive' mean for the decoder?
B58: Answer: It generates one word at a time and feeds each generated word back in as input for the next step.
B59: Q3. What is the cost of letting every word look at every other word?
B60: Answer: n² comparisons per layer — fine for sentences, expensive for very long inputs (sheet 16).

Sheet 03 Embeddings
B1: 03 · Tokens & Embeddings — turning words into numbers
B2: Paper: §3.4 Embeddings and Softmax, §5.1 Training Data (byte-pair encoding, 37,000-token shared vocabulary)
B4: BIG IDEA: A neural network can only do arithmetic, so each word is replaced by a learned list of numbers (its embedding). Words used in similar ways end up with similar lists.
B5: 1. Tokens: the pieces a sentence is cut into
B6: The paper does not use whole words. It uses BYTE-PAIR ENCODING (BPE), which splits text into frequent sub-word pieces. Common words stay whole ('the'), rare words are split ('unbelievably' → 'un' + 'believ' + 'ably'). This keeps the vocabulary to a fixed size — about 37,000 tokens shared between English and German — while still being able to spell any word. For English–French they used a similar 32,000 'word-piece' vocabulary.
B7: Word | E7: Possible BPE tokens (illustrative) | J7: Why
B8: the | E8: the | J8: very common → kept whole
B9: cats | E9: cat + s | J9: stem + common ending
B10: unbelievably | E10: un + believ + ably | J10: rare word → built from frequent pieces
B11: Katze (German) | E11: Katze | J11: shared vocabulary holds both languages
B13: 2. Embeddings: a lookup table with one row per token
B14: The model keeps a big table: one ROW per token in the vocabulary, d_model = 512 COLUMNS. To embed a sentence you simply look up each token's row. The numbers start random and are LEARNED during training, so tokens that behave alike drift close together.
B15: embedding(token) = row of the table for that token, then multiplied by √d_model
B16: Symbol | C16: What it means in plain English | L16: Value in the paper
B17: vocabulary size | C17: How many different tokens exist (rows in the table) | L17: ≈ 37,000 (EN–DE)
B18: d_model | C18: Length of every token's vector (columns in the table) | L18: 512 (base), 1024 (big)
B19: √d_model | C19: Scale factor applied to embeddings (§3.4: 'we multiply those weights by √d_model') | L19: √512 ≈ 22.6
B20: Example 1 (simplest): a tiny 8-token shared vocabulary with d_model = 4
B21: Below is our whole 'vocabulary'. It holds English AND German tokens, just like the paper's shared BPE vocabulary. The numbers are made up, but deliberately 'cat' and 'Katze' are similar, 'the' ≈ 'die', 'sat' ≈ 'saß' — the kind of structure training produces. These rows are reused by sheets 04–12.
B22: Embedding table E (8 tokens × d_model 4)
C23: dim 1 | D23: dim 2 | E23: dim 3 | F23: dim 4
B24: <s> | C24: 0.1 | D24: -0.1 | E24: 0 | F24: 0.2
B25: </s> | C25: -0.1 | D25: 0.1 | E25: 0.2 | F25: 0
B26: the | C26: 0.5 | D26: -0.2 | E26: 0.1 | F26: 0
B27: cat | C27: -0.3 | D27: 0.8 | E27: 0.4 | F27: -0.1
B28: sat | C28: 0.2 | D28: 0.1 | E28: -0.6 | F28: 0.5
B29: die | C29: 0.4 | D29: -0.3 | E29: 0.2 | F29: 0.1
B30: Katze | C30: -0.2 | D30: 0.7 | E30: 0.5 | F30: -0.2
B31: saß | C31: 0.3 | D31: 0 | E31: -0.5 | F31: 0.6
B33: d_model | C33: 4 | D33: vector length in this toy example (the paper uses 512)
B34: Sentence to embed — type any vocabulary tokens into the three yellow cells (e.g. 'the', 'cat', 'sat'):
B35: Token | C35: Row # in table (MATCH)
B36: the | C36: =MATCH(B36,$B$24:$B$31,0) -> 3
B37: cat | C37: =MATCH(B37,$B$24:$B$31,0) -> 4
B38: sat | C38: =MATCH(B38,$B$24:$B$31,0) -> 5
B40: Step 1 — look up each token's row (INDEX) | H40: Step 2 — multiply by √d_model
C41: dim 1 | D41: dim 2 | E41: dim 3 | F41: dim 4 | I41: dim 1 | J41: dim 2 | K41: dim 3 | L41: dim 4
B42: =B36 -> the | C42: =INDEX($C$24:$F$31,C36,1) -> 0.5 | D42: =INDEX($C$24:$F$31,C36,2) -> -0.2 | E42: =INDEX($C$24:$F$31,C36,3) -> 0.1 | F42: =INDEX($C$24:$F$31,C36,4) -> 0 | H42: =B36 -> the | I42: =C42*SQRT(C33) -> 1 | J42: =D42*SQRT(C33) -> -0.4 | K42: =E42*SQRT(C33) -> 0.2 | L42: =F42*SQRT(C33) -> 0
B43: =B37 -> cat | C43: =INDEX($C$24:$F$31,C37,1) -> -0.3 | D43: =INDEX($C$24:$F$31,C37,2) -> 0.8 | E43: =INDEX($C$24:$F$31,C37,3) -> 0.4 | F43: =INDEX($C$24:$F$31,C37,4) -> -0.1 | H43: =B37 -> cat | I43: =C43*SQRT(C33) -> -0.6 | J43: =D43*SQRT(C33) -> 1.6 | K43: =E43*SQRT(C33) -> 0.8 | L43: =F43*SQRT(C33) -> -0.2
B44: =B38 -> sat | C44: =INDEX($C$24:$F$31,C38,1) -> 0.2 | D44: =INDEX($C$24:$F$31,C38,2) -> 0.1 | E44: =INDEX($C$24:$F$31,C38,3) -> -0.6 | F44: =INDEX($C$24:$F$31,C38,4) -> 0.5 | H44: =B38 -> sat | I44: =C44*SQRT(C33) -> 0.4 | J44: =D44*SQRT(C33) -> 0.2 | K44: =E44*SQRT(C33) -> -1.2 | L44: =F44*SQRT(C33) -> 1
B46: Show the work | C46: ="Token "&B37&" is row "&C37&" of the table; √d_model = √"&C33&" = "&IF(ROUND(SQRT(C33),3)<0,"("&ROUND(SQRT(C33),3)&")",ROUND(SQRT(C33),3)&"")&"; so dim 2 becomes "&IF(ROUND(D43,3)<0,"("&ROUND(D43,3)&")",ROUND(D43,3)&"")&" × "&IF(ROUND(SQRT(C33),3)<0,"("&ROUND(SQRT(C33),3)&")",ROUND(SQRT(C33),3)&"")&" = "&IF(ROUND(J43,3)<0,"("&ROUND(J43,3)&")",ROUND(J43,3)&"") -> Token cat is row 4 of the table; √d_model = √4 = 2; so dim 2 becomes 0.8 × 2 = 1.6
B47: NOTE: Why multiply by √d_model? The paper states the scaling but not the reason. The common interpretation: learned embeddings start out small, while positional encodings (next sheet) are sines/cosines of size up to 1. Scaling up the embeddings keeps the word's meaning from being drowned out when the two are added.
B49: Example 2 (moderate): which tokens are most alike? (cosine similarity on the table)
B50: Cosine similarity (see sheet 01, Tool 2) close to +1 means 'pointing the same way'. Notice that in a SHARED vocabulary an English word and its German translation can end up neighbours — one reason the paper shares one embedding table across both languages.
B51: Token pair | C51: Cosine similarity | E51: Reading
B52: cat vs Katze | C52: =(C27*C30+D27*D30+E27*E30+F27*F30)/(SQRT(SUMSQ(C27:F27))*SQRT(SUMSQ(C30:F30))) -> 0.97780241 | E52: =IF(C52>0.8,"very similar",IF(C52>0.3,"somewhat similar","different")) -> very similar
B53: the vs die | C53: =(C26*C29+D26*D29+E26*E29+F26*F29)/(SQRT(SUMSQ(C26:F26))*SQRT(SUMSQ(C29:F29))) -> 0.93333333 | E53: =IF(C53>0.8,"very similar",IF(C53>0.3,"somewhat similar","different")) -> very similar
B54: sat vs saß | C54: =(C28*C31+D28*D31+E28*E31+F28*F31)/(SQRT(SUMSQ(C28:F28))*SQRT(SUMSQ(C31:F31))) -> 0.97100831 | E54: =IF(C54>0.8,"very similar",IF(C54>0.3,"somewhat similar","different")) -> very similar
B55: cat vs sat | C55: =(C27*C28+D27*D28+E27*E28+F27*F28)/(SQRT(SUMSQ(C27:F27))*SQRT(SUMSQ(C28:F28))) -> -0.35032452 | E55: =IF(C55>0.8,"very similar",IF(C55>0.3,"somewhat similar","different")) -> different
B56: the vs Katze | C56: =(C26*C30+D26*D30+E26*E30+F26*F30)/(SQRT(SUMSQ(C26:F26))*SQRT(SUMSQ(C30:F30))) -> -0.38307697 | E56: =IF(C56>0.8,"very similar",IF(C56>0.3,"somewhat similar","different")) -> different
B58: Example 3 (moderate): how big is the real table, and what does weight sharing save?
B59: §3.4: 'we share the same weight matrix between the two embedding layers and the pre-softmax linear transformation'. One table is used three times: encoder input, decoder input, and to score the next word at the output (sheet 12).
B60: Vocabulary size | C60: 37000 | D60: §5.1: 'about 37000 tokens' (EN–DE)
B61: d_model | C61: 512 | D61: base model
B62: Parameters in one table | C62: =C60*C61 -> 18944000 | D62: rows × columns
B63: Memory at 4 bytes each (MB) | C63: =C62*4/1024^2 -> 72.265625 | D63: 32-bit floats
B64: Parameters saved by sharing | C64: =2*C62 -> 37888000 | D64: three separate tables would need 3×; sharing uses 1×
B65: Share of base model (65M) | C65: =C62/65000000 -> 0.29144615 | D65: the embedding table alone is ~29% of the base model's 65 million parameters (Table 3)
B66: Check yourself
B67: Q1. Why use sub-word tokens instead of whole words?
B68: Answer: A fixed, manageable vocabulary that can still spell rare or unseen words from pieces.
B69: Q2. What is an embedding, physically?
B70: Answer: Just a row of numbers looked up from a learned table.
B71: Q3. Name the three places the paper uses the same embedding matrix.
B72: Answer: Encoder input embedding, decoder input embedding, and the final linear layer before softmax.

Sheet 04 Positional Enc
B1: 04 · Positional Encoding — telling the model the ORDER of words
B2: Paper: §3.5 Positional Encoding; Table 3 row (E)
B4: BIG IDEA: Attention treats a sentence like a bag of words — 'dog bites man' and 'man bites dog' look identical. So the paper ADDS a unique wave pattern to each position's vector, like stamping each word with a timestamp.
B5: 1. Why it's needed
B6: Self-attention computes a weighted blend where the weights depend only on WHAT the words are, not WHERE they are. Shuffle the words and each word gets exactly the same result (just in shuffled order). RNNs knew order for free because they read left to right; the Transformer does not, so order must be injected.
B7: ANALOGY: A clock. The second hand spins fast, the minute hand slower, the hour hand slowest. Reading all hands together tells you the exact time. Each pair of dimensions in the positional encoding is one 'hand', rotating at its own speed as you move along the sentence.
B8: 2. The formula
B9: PE(pos, 2i) = sin( pos / 10000^(2i / d_model) ) PE(pos, 2i+1) = cos( pos / 10000^(2i / d_model) )
B10: Symbol | C10: What it means in plain English | L10: Value in the paper
B11: pos | C11: Position of the word in the sentence: 0, 1, 2, … | L11: any
B12: i | C12: Index of the sin/cos PAIR: dimensions (0,1) are pair i=0, (2,3) are i=1, … | L12: 0 … 255
B13: 2i, 2i+1 | C13: Even dimensions use sin, odd dimensions use cos | L13: —
B14: 10000^(2i/d_model) | C14: How slowly this pair rotates. i=0 → divide by 1 (fast); last pair → divide by ~10000 (slow) | L14: —
B15: wavelength | C15: Distance (in positions) for one full cycle = 2π × 10000^(2i/d_model): from 2π up to about 10000·2π | L15: 2π … ≈10000·2π
B16: Once computed, the positional encoding is simply ADDED to the (scaled) word embedding: input = √d_model·E[token] + PE[pos]. Same length (d_model), so they can be summed element by element.
B17: Example 1 (simplest): d_model = 4, positions 0 to 5 — every step expanded
B18: With d_model = 4 there are 2 pairs: i = 0 (dims 1–2) rotates at speed 1; i = 1 (dims 3–4) rotates 100× slower because 10000^(2/4) = 100.
B19: d_model | C19: 4 | D19: change to 6 or 8 and the frequencies below update
B20: Base constant | C20: 10000 | D20: the paper's 10000
B21: Divisor for pair i=0 | C21: =C20^(2*0/C19) -> 1 | D21: 10000^(0/d_model) = 1
B22: Divisor for pair i=1 | C22: =C20^(2*1/C19) -> 100 | D22: 10000^(2/d_model) = 100 when d_model = 4
B23: pos | C23: angle₀ = pos/div₀ | D23: dim1 = sin(angle₀) | E23: dim2 = cos(angle₀) | F23: angle₁ = pos/div₁ | G23: dim3 = sin(angle₁) | H23: dim4 = cos(angle₁)
B24: 0 | C24: =B24/C21 -> 0 | D24: =SIN(C24) -> 0 | E24: =COS(C24) -> 1 | F24: =B24/C22 -> 0 | G24: =SIN(F24) -> 0 | H24: =COS(F24) -> 1
B25: 1 | C25: =B25/C21 -> 1 | D25: =SIN(C25) -> 0.84147098 | E25: =COS(C25) -> 0.54030231 | F25: =B25/C22 -> 0.01 | G25: =SIN(F25) -> 0.0099998333 | H25: =COS(F25) -> 0.99995
B26: 2 | C26: =B26/C21 -> 2 | D26: =SIN(C26) -> 0.90929743 | E26: =COS(C26) -> -0.41614684 | F26: =B26/C22 -> 0.02 | G26: =SIN(F26) -> 0.019998667 | H26: =COS(F26) -> 0.99980001
B27: 3 | C27: =B27/C21 -> 3 | D27: =SIN(C27) -> 0.14112001 | E27: =COS(C27) -> -0.9899925 | F27: =B27/C22 -> 0.03 | G27: =SIN(F27) -> 0.0299955 | H27: =COS(F27) -> 0.99955003
B28: 4 | C28: =B28/C21 -> 4 | D28: =SIN(C28) -> -0.7568025 | E28: =COS(C28) -> -0.65364362 | F28: =B28/C22 -> 0.04 | G28: =SIN(F28) -> 0.039989334 | H28: =COS(F28) -> 0.99920011
B29: 5 | C29: =B29/C21 -> 5 | D29: =SIN(C29) -> -0.95892427 | E29: =COS(C29) -> 0.28366219 | F29: =B29/C22 -> 0.05 | G29: =SIN(F29) -> 0.049979169 | H29: =COS(F29) -> 0.99875026
B31: pos 2, dim 1 | C31: ="sin( "&B26&" / "&IF(ROUND(C21,3)<0,"("&ROUND(C21,3)&")",ROUND(C21,3)&"")&" ) = sin("&IF(ROUND(C26,3)<0,"("&ROUND(C26,3)&")",ROUND(C26,3)&"")&" radians) = "&IF(ROUND(D26,3)<0,"("&ROUND(D26,3)&")",ROUND(D26,3)&"") -> sin( 2 / 1 ) = sin(2 radians) = 0.909
B32: pos 2, dim 3 | C32: ="sin( "&B26&" / "&IF(ROUND(C22,3)<0,"("&ROUND(C22,3)&")",ROUND(C22,3)&"")&" ) = sin("&IF(ROUND(F26,3)<0,"("&ROUND(F26,3)&")",ROUND(F26,3)&"")&" radians) = "&IF(ROUND(G26,3)<0,"("&ROUND(G26,3)&")",ROUND(G26,3)&"") -> sin( 2 / 100 ) = sin(0.02 radians) = 0.02
B33: Look down the columns: dims 1–2 swing quickly through positive and negative values (the 'second hand'); dims 3–4 barely move over 6 positions (the 'hour hand'). Every row is a different combination — a unique fingerprint for that position.
B35: Example 2 (moderate): adding position to the words 'the cat sat' → the real encoder input X
B36: This is the exact input the encoder's first layer sees. It takes the scaled embeddings from sheet 03 (green) and adds the positional encodings for positions 0, 1, 2 from the table above. This X feeds sheets 05 → 06 → 08 → 10 → 11.
B37: √d·E[token] (from sheet 03) | G37: PE[pos 0,1,2]
C38: dim 1 | D38: dim 2 | E38: dim 3 | F38: dim 4 | H38: dim 1 | I38: dim 2 | J38: dim 3 | K38: dim 4
B39: ='03 Embeddings'!$B$36 -> the | C39: ='03 Embeddings'!$I$42 -> 1 | D39: ='03 Embeddings'!$J$42 -> -0.4 | E39: ='03 Embeddings'!$K$42 -> 0.2 | F39: ='03 Embeddings'!$L$42 -> 0 | G39: pos 0 | H39: =D24 -> 0 | I39: =E24 -> 1 | J39: =G24 -> 0 | K39: =H24 -> 1
B40: ='03 Embeddings'!$B$37 -> cat | C40: ='03 Embeddings'!$I$43 -> -0.6 | D40: ='03 Embeddings'!$J$43 -> 1.6 | E40: ='03 Embeddings'!$K$43 -> 0.8 | F40: ='03 Embeddings'!$L$43 -> -0.2 | G40: pos 1 | H40: =D25 -> 0.84147098 | I40: =E25 -> 0.54030231 | J40: =G25 -> 0.0099998333 | K40: =H25 -> 0.99995
B41: ='03 Embeddings'!$B$38 -> sat | C41: ='03 Embeddings'!$I$44 -> 0.4 | D41: ='03 Embeddings'!$J$44 -> 0.2 | E41: ='03 Embeddings'!$K$44 -> -1.2 | F41: ='03 Embeddings'!$L$44 -> 1 | G41: pos 2 | H41: =D26 -> 0.90929743 | I41: =E26 -> -0.41614684 | J41: =G26 -> 0.019998667 | K41: =H26 -> 0.99980001
B43: X = √d·E + PE (encoder input)
C44: dim 1 | D44: dim 2 | E44: dim 3 | F44: dim 4
B45: ='03 Embeddings'!$B$36 -> the | C45: =C39+H39 -> 1 | D45: =D39+I39 -> 0.6 | E45: =E39+J39 -> 0.2 | F45: =F39+K39 -> 1
B46: ='03 Embeddings'!$B$37 -> cat | C46: =C40+H40 -> 0.24147098 | D46: =D40+I40 -> 2.1403023 | E46: =E40+J40 -> 0.80999983 | F46: =F40+K40 -> 0.79995
B47: ='03 Embeddings'!$B$38 -> sat | C47: =C41+H41 -> 1.3092974 | D47: =D41+I41 -> -0.21614684 | E47: =E41+J41 -> -1.1800013 | F47: =F41+K41 -> 1.9998
B49: cat, dim 2 | C49: ="X = "&IF(ROUND(D40,3)<0,"("&ROUND(D40,3)&")",ROUND(D40,3)&"")&" (meaning) + "&IF(ROUND(I40,3)<0,"("&ROUND(I40,3)&")",ROUND(I40,3)&"")&" (position 1) = "&IF(ROUND(D46,3)<0,"("&ROUND(D46,3)&")",ROUND(D46,3)&"") -> X = 1.6 (meaning) + 0.54 (position 1) = 2.14
B50: NOTE: The paper also applies dropout (rate 0.1) to this sum during training (§5.4). We leave it out here so the numbers are deterministic; see sheet 15.
B52: Example 3 (moderate): d_model = 8, positions 0–15 — the wave pattern (heat-map + chart)
B53: d_model | C53: 8 | D53: four sin/cos pairs
B54: pos \ dim | C54: dim 1 (sin, i=0) | D54: dim 2 (cos, i=0) | E54: dim 3 (sin, i=1) | F54: dim 4 (cos, i=1) | G54: dim 5 (sin, i=2) | H54: dim 6 (cos, i=2) | I54: dim 7 (sin, i=3) | J54: dim 8 (cos, i=3)
B55: 0 | C55: =SIN($B55/C20^(2*0/C53)) -> 0 | D55: =COS($B55/C20^(2*0/C53)) -> 1 | E55: =SIN($B55/C20^(2*1/C53)) -> 0 | F55: =COS($B55/C20^(2*1/C53)) -> 1 | G55: =SIN($B55/C20^(2*2/C53)) -> 0 | H55: =COS($B55/C20^(2*2/C53)) -> 1 | I55: =SIN($B55/C20^(2*3/C53)) -> 0 | J55: =COS($B55/C20^(2*3/C53)) -> 1
B56: 1 | C56: =SIN($B56/C20^(2*0/C53)) -> 0.84147098 | D56: =COS($B56/C20^(2*0/C53)) -> 0.54030231 | E56: =SIN($B56/C20^(2*1/C53)) -> 0.099833417 | F56: =COS($B56/C20^(2*1/C53)) -> 0.99500417 | G56: =SIN($B56/C20^(2*2/C53)) -> 0.0099998333 | H56: =COS($B56/C20^(2*2/C53)) -> 0.99995 | I56: =SIN($B56/C20^(2*3/C53)) -> 0.00099999983 | J56: =COS($B56/C20^(2*3/C53)) -> 0.9999995
B57: 2 | C57: =SIN($B57/C20^(2*0/C53)) -> 0.90929743 | D57: =COS($B57/C20^(2*0/C53)) -> -0.41614684 | E57: =SIN($B57/C20^(2*1/C53)) -> 0.19866933 | F57: =COS($B57/C20^(2*1/C53)) -> 0.98006658 | G57: =SIN($B57/C20^(2*2/C53)) -> 0.019998667 | H57: =COS($B57/C20^(2*2/C53)) -> 0.99980001 | I57: =SIN($B57/C20^(2*3/C53)) -> 0.0019999987 | J57: =COS($B57/C20^(2*3/C53)) -> 0.999998
B58: 3 | C58: =SIN($B58/C20^(2*0/C53)) -> 0.14112001 | D58: =COS($B58/C20^(2*0/C53)) -> -0.9899925 | E58: =SIN($B58/C20^(2*1/C53)) -> 0.29552021 | F58: =COS($B58/C20^(2*1/C53)) -> 0.95533649 | G58: =SIN($B58/C20^(2*2/C53)) -> 0.0299955 | H58: =COS($B58/C20^(2*2/C53)) -> 0.99955003 | I58: =SIN($B58/C20^(2*3/C53)) -> 0.0029999955 | J58: =COS($B58/C20^(2*3/C53)) -> 0.9999955
B59: 4 | C59: =SIN($B59/C20^(2*0/C53)) -> -0.7568025 | D59: =COS($B59/C20^(2*0/C53)) -> -0.65364362 | E59: =SIN($B59/C20^(2*1/C53)) -> 0.38941834 | F59: =COS($B59/C20^(2*1/C53)) -> 0.92106099 | G59: =SIN($B59/C20^(2*2/C53)) -> 0.039989334 | H59: =COS($B59/C20^(2*2/C53)) -> 0.99920011 | I59: =SIN($B59/C20^(2*3/C53)) -> 0.0039999893 | J59: =COS($B59/C20^(2*3/C53)) -> 0.999992
B60: 5 | C60: =SIN($B60/C20^(2*0/C53)) -> -0.95892427 | D60: =COS($B60/C20^(2*0/C53)) -> 0.28366219 | E60: =SIN($B60/C20^(2*1/C53)) -> 0.47942554 | F60: =COS($B60/C20^(2*1/C53)) -> 0.87758256 | G60: =SIN($B60/C20^(2*2/C53)) -> 0.049979169 | H60: =COS($B60/C20^(2*2/C53)) -> 0.99875026 | I60: =SIN($B60/C20^(2*3/C53)) -> 0.0049999792 | J60: =COS($B60/C20^(2*3/C53)) -> 0.9999875
B61: 6 | C61: =SIN($B61/C20^(2*0/C53)) -> -0.2794155 | D61: =COS($B61/C20^(2*0/C53)) -> 0.96017029 | E61: =SIN($B61/C20^(2*1/C53)) -> 0.56464247 | F61: =COS($B61/C20^(2*1/C53)) -> 0.82533561 | G61: =SIN($B61/C20^(2*2/C53)) -> 0.059964006 | H61: =COS($B61/C20^(2*2/C53)) -> 0.99820054 | I61: =SIN($B61/C20^(2*3/C53)) -> 0.005999964 | J61: =COS($B61/C20^(2*3/C53)) -> 0.999982
B62: 7 | C62: =SIN($B62/C20^(2*0/C53)) -> 0.6569866 | D62: =COS($B62/C20^(2*0/C53)) -> 0.75390225 | E62: =SIN($B62/C20^(2*1/C53)) -> 0.64421769 | F62: =COS($B62/C20^(2*1/C53)) -> 0.76484219 | G62: =SIN($B62/C20^(2*2/C53)) -> 0.069942847 | H62: =COS($B62/C20^(2*2/C53)) -> 0.997551 | I62: =SIN($B62/C20^(2*3/C53)) -> 0.0069999428 | J62: =COS($B62/C20^(2*3/C53)) -> 0.9999755
B63: 8 | C63: =SIN($B63/C20^(2*0/C53)) -> 0.98935825 | D63: =COS($B63/C20^(2*0/C53)) -> -0.14550003 | E63: =SIN($B63/C20^(2*1/C53)) -> 0.71735609 | F63: =COS($B63/C20^(2*1/C53)) -> 0.69670671 | G63: =SIN($B63/C20^(2*2/C53)) -> 0.079914694 | H63: =COS($B63/C20^(2*2/C53)) -> 0.99680171 | I63: =SIN($B63/C20^(2*3/C53)) -> 0.0079999147 | J63: =COS($B63/C20^(2*3/C53)) -> 0.999968
B64: 9 | C64: =SIN($B64/C20^(2*0/C53)) -> 0.41211849 | D64: =COS($B64/C20^(2*0/C53)) -> -0.91113026 | E64: =SIN($B64/C20^(2*1/C53)) -> 0.78332691 | F64: =COS($B64/C20^(2*1/C53)) -> 0.62160997 | G64: =SIN($B64/C20^(2*2/C53)) -> 0.089878549 | H64: =COS($B64/C20^(2*2/C53)) -> 0.99595273 | I64: =SIN($B64/C20^(2*3/C53)) -> 0.0089998785 | J64: =COS($B64/C20^(2*3/C53)) -> 0.9999595
B65: 10 | C65: =SIN($B65/C20^(2*0/C53)) -> -0.54402111 | D65: =COS($B65/C20^(2*0/C53)) -> -0.83907153 | E65: =SIN($B65/C20^(2*1/C53)) -> 0.84147098 | F65: =COS($B65/C20^(2*1/C53)) -> 0.54030231 | G65: =SIN($B65/C20^(2*2/C53)) -> 0.099833417 | H65: =COS($B65/C20^(2*2/C53)) -> 0.99500417 | I65: =SIN($B65/C20^(2*3/C53)) -> 0.0099998333 | J65: =COS($B65/C20^(2*3/C53)) -> 0.99995
B66: 11 | C66: =SIN($B66/C20^(2*0/C53)) -> -0.99999021 | D66: =COS($B66/C20^(2*0/C53)) -> 0.004425698 | E66: =SIN($B66/C20^(2*1/C53)) -> 0.89120736 | F66: =COS($B66/C20^(2*1/C53)) -> 0.45359612 | G66: =SIN($B66/C20^(2*2/C53)) -> 0.1097783 | H66: =COS($B66/C20^(2*2/C53)) -> 0.9939561 | I66: =SIN($B66/C20^(2*3/C53)) -> 0.010999778 | J66: =COS($B66/C20^(2*3/C53)) -> 0.9999395
B67: 12 | C67: =SIN($B67/C20^(2*0/C53)) -> -0.53657292 | D67: =COS($B67/C20^(2*0/C53)) -> 0.84385396 | E67: =SIN($B67/C20^(2*1/C53)) -> 0.93203909 | F67: =COS($B67/C20^(2*1/C53)) -> 0.36235775 | G67: =SIN($B67/C20^(2*2/C53)) -> 0.11971221 | H67: =COS($B67/C20^(2*2/C53)) -> 0.99280864 | I67: =SIN($B67/C20^(2*3/C53)) -> 0.011999712 | J67: =COS($B67/C20^(2*3/C53)) -> 0.999928
B68: 13 | C68: =SIN($B68/C20^(2*0/C53)) -> 0.42016704 | D68: =COS($B68/C20^(2*0/C53)) -> 0.90744678 | E68: =SIN($B68/C20^(2*1/C53)) -> 0.96355819 | F68: =COS($B68/C20^(2*1/C53)) -> 0.26749883 | G68: =SIN($B68/C20^(2*2/C53)) -> 0.12963414 | H68: =COS($B68/C20^(2*2/C53)) -> 0.99156189 | I68: =SIN($B68/C20^(2*3/C53)) -> 0.012999634 | J68: =COS($B68/C20^(2*3/C53)) -> 0.9999155
B69: 14 | C69: =SIN($B69/C20^(2*0/C53)) -> 0.99060736 | D69: =COS($B69/C20^(2*0/C53)) -> 0.13673722 | E69: =SIN($B69/C20^(2*1/C53)) -> 0.98544973 | F69: =COS($B69/C20^(2*1/C53)) -> 0.16996714 | G69: =SIN($B69/C20^(2*2/C53)) -> 0.13954311 | H69: =COS($B69/C20^(2*2/C53)) -> 0.990216 | I69: =SIN($B69/C20^(2*3/C53)) -> 0.013999543 | J69: =COS($B69/C20^(2*3/C53)) -> 0.999902
B70: 15 | C70: =SIN($B70/C20^(2*0/C53)) -> 0.65028784 | D70: =COS($B70/C20^(2*0/C53)) -> -0.75968791 | E70: =SIN($B70/C20^(2*1/C53)) -> 0.99749499 | F70: =COS($B70/C20^(2*1/C53)) -> 0.070737202 | G70: =SIN($B70/C20^(2*2/C53)) -> 0.14943813 | H70: =COS($B70/C20^(2*2/C53)) -> 0.98877108 | I70: =SIN($B70/C20^(2*3/C53)) -> 0.014999438 | J70: =COS($B70/C20^(2*3/C53)) -> 0.9998875
B89: Wavelengths for this d_model = 8 table (positions per full cycle):
B90: Pair i | C90: Divisor 10000^(2i/d) | F90: Wavelength = 2π × divisor | I90: Reading
B91: 0 | C91: =C20^(2*B91/C53) -> 1 | F91: =2*PI()*C91 -> 6.2831853 | I91: repeats every ~6 positions
B92: 1 | C92: =C20^(2*B92/C53) -> 10 | F92: =2*PI()*C92 -> 62.831853 | I92: every ~63 positions
B93: 2 | C93: =C20^(2*B93/C53) -> 100 | F93: =2*PI()*C93 -> 628.31853 | I93: every ~628 positions
B94: 3 | C94: =C20^(2*B94/C53) -> 1000 | F94: =2*PI()*C94 -> 6283.1853 | I94: every ~6,283 positions
B96: Example 4 (moderate): why sin & cos? — shifting position is a simple rotation
B97: §3.5: 'for any fixed offset k, PE(pos+k) can be represented as a linear function of PE(pos)'. Here is that claim verified with numbers. For one sin/cos pair with frequency ω, moving forward k positions is the same as multiplying by a 2×2 ROTATION matrix that depends only on k, never on pos. That makes 'three words to the left' an easy pattern for attention to learn.
B98: [ sin(ω(p+k)) , cos(ω(p+k)) ] = [ sin(ωp)·cos(ωk) + cos(ωp)·sin(ωk) , cos(ωp)·cos(ωk) − sin(ωp)·sin(ωk) ]
B99: pos p | C99: 3
B100: offset k | C100: 2
B101: frequency ω | C101: 1 | D101: ω = 1 / 10000^(2i/d_model); i = 0 gives ω = 1
B102: sin(ωp) | C102: =SIN(C101*C99) -> 0.14112001
B103: cos(ωp) | C103: =COS(C101*C99) -> -0.9899925
B104: cos(ωk) | C104: =COS(C101*C100) -> -0.41614684 | D104: rotation matrix entry — depends on k only
B105: sin(ωk) | C105: =SIN(C101*C100) -> 0.90929743 | D105: rotation matrix entry — depends on k only
C106: Direct: compute at p+k | F106: Via rotation of PE(p) | I106: Equal?
B107: sin component | C107: =SIN(C101*(C99+C100)) -> -0.95892427 | F107: =C102*C104+C103*C105 -> -0.95892427 | I107: =IF(ABS(C107-F107)<0.000000001,"✔ identical","✘") -> ✔ identical
B108: cos component | C108: =COS(C101*(C99+C100)) -> 0.28366219 | F108: =C103*C104-C102*C105 -> 0.28366219 | I108: =IF(ABS(C108-F108)<0.000000001,"✔ identical","✘") -> ✔ identical
B110: Bonus: the dot product PE(p)·PE(p+k) = Σ cos(ωᵢ·k) depends only on the distance k, not on where you are. Check with the d_model = 8 table above:
B111: Distance k | C111: PE(0) · PE(0+k) | F111: PE(5) · PE(5+k)
B112: 1 | C112: =SUMPRODUCT(C55:J55,C56:J56) -> 3.535256 | F112: =SUMPRODUCT(C60:J60,C61:J61) -> 3.535256
B113: 2 | C113: =SUMPRODUCT(C55:J55,C57:J57) -> 2.5637177 | F113: =SUMPRODUCT(C60:J60,C62:J62) -> 2.5637177
B114: 3 | C114: =SUMPRODUCT(C55:J55,C58:J58) -> 1.9648895 | F114: =SUMPRODUCT(C60:J60,C63:J63) -> 1.9648895
B115: 4 | C115: =SUMPRODUCT(C55:J55,C59:J59) -> 2.2666095 | F115: =SUMPRODUCT(C60:J60,C64:J64) -> 2.2666095
B116: 5 | C116: =SUMPRODUCT(C55:J55,C60:J60) -> 3.1599825 | F116: =SUMPRODUCT(C60:J60,C65:J65) -> 3.1599825
B117: The two columns match: similarity between positions is a function of their distance only.
B118: NOTE: Table 3 row (E): replacing sinusoids with LEARNED position embeddings gave nearly identical BLEU (25.7 vs 25.8). They kept sinusoids because they 'may allow the model to extrapolate to sequence lengths longer than the ones encountered during training'.
B119: Check yourself
B120: Q1. If you shuffled the input words and removed positional encodings, what would self-attention output?
B121: Answer: The same vectors, just shuffled — it cannot tell order.
B122: Q2. Why use many frequencies instead of one?
B123: Answer: One wave repeats quickly and positions would collide; combining fast and slow waves gives every position a unique pattern (like clock hands).
B124: Q3. Is the positional encoding learned?
B125: Answer: No — it is a fixed formula. (A learned version worked equally well.)

Sheet 05 Query-Key-Value
B1: 05 · Queries, Keys and Values — attention as a 'soft' dictionary lookup
B2: Paper: §3.2 Attention ('mapping a query and a set of key-value pairs to an output'), §3.2.2 projections W_Q, W_K, W_V
B4: BIG IDEA: Attention is a search. Each word sends out a QUERY ('what am I looking for?'), every word advertises a KEY ('what do I contain?'), and each word also carries a VALUE ('what I will hand over if you pick me'). The answer is a blend of values, weighted by how well each key matches the query.
B5: §3.2 in the paper's words: 'An attention function can be described as mapping a query and a set of key-value pairs to an output… The output is computed as a weighted sum of the values, where the weight assigned to each value is computed by a compatibility function of the query with the corresponding key.'
B6: ANALOGY: A library. Your QUERY is the question in your head. Each book's KEY is the label on its spine. Its VALUE is the content inside. A normal dictionary returns exactly one book (hard lookup). Attention reads a little from every book, more from the ones whose labels match your question best (soft lookup).
B7: Example 1 (simplest): a fruit shop with 3 items
B8: Keys describe each fruit with 2 numbers [sweet, crunchy]. Values are the prices. Our query says 'I want SWEET' = [1, 0]. (No √d_k scaling yet — that arrives on sheet 06.)
B9: Query q ('sweet, please')
C10: sweet | D10: crunchy
C11: 1 | D11: 0
B13: Keys K | F13: Values V (price)
C14: sweet | D14: crunchy | G14: price
B15: mango | C15: 2 | D15: 0 | F15: mango | G15: 30
B16: carrot | C16: 0 | D16: 2 | F16: carrot | G16: 10
B17: apple | C17: 1 | D17: 1 | F17: apple | G17: 20
B19: Step 1 | C19: Score = how well the query matches each key = dot product q · kᵢ.
B20: Scores
C21: q · k
B22: mango | C22: =C11*C15+D11*D15 -> 2
B23: carrot | C23: =C11*C16+D11*D16 -> 0
B24: apple | C24: =C11*C17+D11*D17 -> 1
B26: mango | C26: ="q·k_mango = "&IF(ROUND(C11,3)<0,"("&ROUND(C11,3)&")",ROUND(C11,3)&"")&"×"&IF(ROUND(C15,3)<0,"("&ROUND(C15,3)&")",ROUND(C15,3)&"")&" + "&IF(ROUND(D11,3)<0,"("&ROUND(D11,3)&")",ROUND(D11,3)&"")&"×"&IF(ROUND(D15,3)<0,"("&ROUND(D15,3)&")",ROUND(D15,3)&"")&" = "&IF(ROUND(C22,3)<0,"("&ROUND(C22,3)&")",ROUND(C22,3)&"") -> q·k_mango = 1×2 + 0×0 = 2
B27: carrot | C27: ="q·k_carrot = "&IF(ROUND(C11,3)<0,"("&ROUND(C11,3)&")",ROUND(C11,3)&"")&"×"&IF(ROUND(C16,3)<0,"("&ROUND(C16,3)&")",ROUND(C16,3)&"")&" + "&IF(ROUND(D11,3)<0,"("&ROUND(D11,3)&")",ROUND(D11,3)&"")&"×"&IF(ROUND(D16,3)<0,"("&ROUND(D16,3)&")",ROUND(D16,3)&"")&" = "&IF(ROUND(C23,3)<0,"("&ROUND(C23,3)&")",ROUND(C23,3)&"") -> q·k_carrot = 1×0 + 0×2 = 0
B28: apple | C28: ="q·k_apple = "&IF(ROUND(C11,3)<0,"("&ROUND(C11,3)&")",ROUND(C11,3)&"")&"×"&IF(ROUND(C17,3)<0,"("&ROUND(C17,3)&")",ROUND(C17,3)&"")&" + "&IF(ROUND(D11,3)<0,"("&ROUND(D11,3)&")",ROUND(D11,3)&"")&"×"&IF(ROUND(D17,3)<0,"("&ROUND(D17,3)&")",ROUND(D17,3)&"")&" = "&IF(ROUND(C24,3)<0,"("&ROUND(C24,3)&")",ROUND(C24,3)&"") -> q·k_apple = 1×1 + 0×1 = 1
B29: Step 2 | C29: Softmax turns the scores into attention weights that add up to 1.
B30: e^score
C31: e^s
B32: mango | C32: =EXP(C22) -> 7.3890561
B33: carrot | C33: =EXP(C23) -> 1
B34: apple | C34: =EXP(C24) -> 2.7182818
B36: total | C36: =SUM(C32:C34) -> 11.107338
B37: Weights
C38: weight
B39: mango | C39: =C32/C36 -> 0.66524096
B40: carrot | C40: =C33/C36 -> 0.090030573
B41: apple | C41: =C34/C36 -> 0.24472847
B43: Step 3 | C43: Output = weighted sum of the values = Σ weightᵢ × valueᵢ.
B44: Soft answer | C44: =C39*G15+C40*G16+C41*G17 -> 25.752104 | D44: a blend: mostly mango's price, a bit of apple's, a little carrot's
B45: Show the work | C45: ="output = "&IF(ROUND(C39,3)<0,"("&ROUND(C39,3)&")",ROUND(C39,3)&"")&"×"&IF(ROUND(G15,3)<0,"("&ROUND(G15,3)&")",ROUND(G15,3)&"")&" + "&IF(ROUND(C40,3)<0,"("&ROUND(C40,3)&")",ROUND(C40,3)&"")&"×"&IF(ROUND(G16,3)<0,"("&ROUND(G16,3)&")",ROUND(G16,3)&"")&" + "&IF(ROUND(C41,3)<0,"("&ROUND(C41,3)&")",ROUND(C41,3)&"")&"×"&IF(ROUND(G17,3)<0,"("&ROUND(G17,3)&")",ROUND(G17,3)&"")&" = "&IF(ROUND(C44,3)<0,"("&ROUND(C44,3)&")",ROUND(C44,3)&"") -> output = 0.665×30 + 0.09×10 + 0.245×20 = 25.752
B46: Hard lookup | C46: =INDEX(G15:G17,MATCH(MAX(C22:C24),C22:C24,0)) -> 30 | D46: an ordinary dictionary would return ONLY the best match's value
B47: Why soft instead of hard? A blend can be improved a tiny bit at a time by nudging numbers (it is differentiable), which is how neural networks learn. A hard pick jumps abruptly and can't be trained by gradients.
B48: TRY IT: Change the query to [0, 1] ('crunchy, please') and watch the weight move to carrot and the answer drop towards 10.
B50: Where do Q, K and V come from? Three learned 'lenses' applied to the same words
B51: Q = X · W_Q K = X · W_K V = X · W_V
B52: In self-attention there is no separate shop or library: the SAME sentence plays all three roles. Each word's vector x is multiplied by three different learned weight matrices, giving three different views of it. W_Q learns 'what should this word look for?', W_K 'how should this word describe itself to others?', and W_V 'what information should it pass on?'.
B53: Symbol | C53: What it means in plain English | L53: Value in the paper
B54: X | C54: The input: one row per word (n × d_model) | L54: n × 512
B55: W_Q, W_K | C55: Learned matrices producing queries and keys (d_model × d_k) | L55: 512 × 64 per head
B56: W_V | C56: Learned matrix producing values (d_model × d_v) | L56: 512 × 64 per head
B57: Q, K, V | C57: Queries, keys, values: one row per word | L57: n × 64 per head
B58: Example 2 (moderate): real Q, K, V for 'the cat sat' (single head, d_k = d_model = 4)
B59: X comes live from sheet 04 (embedding + position). The weight matrices below are made up but fixed; in a real model they are learned. Every entry of Q, K and V is one dot product (row of X · column of W).
B60: X (from sheet 04)
C61: dim 1 | D61: dim 2 | E61: dim 3 | F61: dim 4
B62: ='03 Embeddings'!$B$36 -> the | C62: ='04 Positional Enc'!$C$45 -> 1 | D62: ='04 Positional Enc'!$D$45 -> 0.6 | E62: ='04 Positional Enc'!$E$45 -> 0.2 | F62: ='04 Positional Enc'!$F$45 -> 1
B63: ='03 Embeddings'!$B$37 -> cat | C63: ='04 Positional Enc'!$C$46 -> 0.24147098 | D63: ='04 Positional Enc'!$D$46 -> 2.1403023 | E63: ='04 Positional Enc'!$E$46 -> 0.80999983 | F63: ='04 Positional Enc'!$F$46 -> 0.79995
B64: ='03 Embeddings'!$B$38 -> sat | C64: ='04 Positional Enc'!$C$47 -> 1.3092974 | D64: ='04 Positional Enc'!$D$47 -> -0.21614684 | E64: ='04 Positional Enc'!$E$47 -> -1.1800013 | F64: ='04 Positional Enc'!$F$47 -> 1.9998
B66: W_Q (4 × 4) | H66: W_K (4 × 4)
C67: q1 | D67: q2 | E67: q3 | F67: q4 | I67: k1 | J67: k2 | K67: k3 | L67: k4
B68: dim 1 | C68: 1 | D68: 0 | E68: 1 | F68: 0 | H68: dim 1 | I68: 1 | J68: 0 | K68: 0 | L68: 1
B69: dim 2 | C69: 0 | D69: 1 | E69: 0 | F69: -1 | H69: dim 2 | I69: 0 | J69: 1 | K69: 1 | L69: 0
B70: dim 3 | C70: 1 | D70: 0 | E70: -1 | F70: 0 | H70: dim 3 | I70: 0 | J70: 1 | K70: -1 | L70: 0
B71: dim 4 | C71: 0 | D71: -1 | E71: 0 | F71: 1 | H71: dim 4 | I71: 1 | J71: 0 | K71: 0 | L71: -1
B73: W_V (4 × 4)
C74: v1 | D74: v2 | E74: v3 | F74: v4
B75: dim 1 | C75: 0.5 | D75: 0 | E75: 0.5 | F75: 0
B76: dim 2 | C76: 0 | D76: 1 | E76: 0 | F76: 0
B77: dim 3 | C77: 0 | D77: 0 | E77: 1 | F77: 0
B78: dim 4 | C78: 0.5 | D78: 0 | E78: 0 | F78: 0.5
B80: Q = X · W_Q | H80: K = X · W_K
C81: q1 | D81: q2 | E81: q3 | F81: q4 | I81: k1 | J81: k2 | K81: k3 | L81: k4
B82: ='03 Embeddings'!$B$36 -> the | C82: =C62*C68+D62*C69+E62*C70+F62*C71 -> 1.2 | D82: =C62*D68+D62*D69+E62*D70+F62*D71 -> -0.4 | E82: =C62*E68+D62*E69+E62*E70+F62*E71 -> 0.8 | F82: =C62*F68+D62*F69+E62*F70+F62*F71 -> 0.4 | H82: ='03 Embeddings'!$B$36 -> the | I82: =C62*I68+D62*I69+E62*I70+F62*I71 -> 2 | J82: =C62*J68+D62*J69+E62*J70+F62*J71 -> 0.8 | K82: =C62*K68+D62*K69+E62*K70+F62*K71 -> 0.4 | L82: =C62*L68+D62*L69+E62*L70+F62*L71 -> 0
B83: ='03 Embeddings'!$B$37 -> cat | C83: =C63*C68+D63*C69+E63*C70+F63*C71 -> 1.0514708 | D83: =C63*D68+D63*D69+E63*D70+F63*D71 -> 1.3403523 | E83: =C63*E68+D63*E69+E63*E70+F63*E71 -> -0.56852885 | F83: =C63*F68+D63*F69+E63*F70+F63*F71 -> -1.3403523 | H83: ='03 Embeddings'!$B$37 -> cat | I83: =C63*I68+D63*I69+E63*I70+F63*I71 -> 1.041421 | J83: =C63*J68+D63*J69+E63*J70+F63*J71 -> 2.9503021 | K83: =C63*K68+D63*K69+E63*K70+F63*K71 -> 1.3303025 | L83: =C63*L68+D63*L69+E63*L70+F63*L71 -> -0.55847902
B84: ='03 Embeddings'!$B$38 -> sat | C84: =C64*C68+D64*C69+E64*C70+F64*C71 -> 0.12929609 | D84: =C64*D68+D64*D69+E64*D70+F64*D71 -> -2.2159468 | E84: =C64*E68+D64*E69+E64*E70+F64*E71 -> 2.4892988 | F84: =C64*F68+D64*F69+E64*F70+F64*F71 -> 2.2159468 | H84: ='03 Embeddings'!$B$38 -> sat | I84: =C64*I68+D64*I69+E64*I70+F64*I71 -> 3.3090974 | J84: =C64*J68+D64*J69+E64*J70+F64*J71 -> -1.3961482 | K84: =C64*K68+D64*K69+E64*K70+F64*K71 -> 0.9638545 | L84: =C64*L68+D64*L69+E64*L70+F64*L71 -> -0.69050258
B86: V = X · W_V
C87: v1 | D87: v2 | E87: v3 | F87: v4
B88: ='03 Embeddings'!$B$36 -> the | C88: =C62*C75+D62*C76+E62*C77+F62*C78 -> 1 | D88: =C62*D75+D62*D76+E62*D77+F62*D78 -> 0.6 | E88: =C62*E75+D62*E76+E62*E77+F62*E78 -> 0.7 | F88: =C62*F75+D62*F76+E62*F77+F62*F78 -> 0.5
B89: ='03 Embeddings'!$B$37 -> cat | C89: =C63*C75+D63*C76+E63*C77+F63*C78 -> 0.52071049 | D89: =C63*D75+D63*D76+E63*D77+F63*D78 -> 2.1403023 | E89: =C63*E75+D63*E76+E63*E77+F63*E78 -> 0.93073533 | F89: =C63*F75+D63*F76+E63*F77+F63*F78 -> 0.399975
B90: ='03 Embeddings'!$B$38 -> sat | C90: =C64*C75+D64*C76+E64*C77+F64*C78 -> 1.6545487 | D90: =C64*D75+D64*D76+E64*D77+F64*D78 -> -0.21614684 | E90: =C64*E75+D64*E76+E64*E77+F64*E78 -> -0.52535262 | F90: =C64*F75+D64*F76+E64*F77+F64*F78 -> 0.9999
B92: Show the work for the word 'cat' (row 2):
B93: Q[cat, q1] | C93: =IF(ROUND(C63,3)<0,"("&ROUND(C63,3)&")",ROUND(C63,3)&"")&"×"&IF(ROUND(C68,3)<0,"("&ROUND(C68,3)&")",ROUND(C68,3)&"")&" + "&IF(ROUND(D63,3)<0,"("&ROUND(D63,3)&")",ROUND(D63,3)&"")&"×"&IF(ROUND(C69,3)<0,"("&ROUND(C69,3)&")",ROUND(C69,3)&"")&" + "&IF(ROUND(E63,3)<0,"("&ROUND(E63,3)&")",ROUND(E63,3)&"")&"×"&IF(ROUND(C70,3)<0,"("&ROUND(C70,3)&")",ROUND(C70,3)&"")&" + "&IF(ROUND(F63,3)<0,"("&ROUND(F63,3)&")",ROUND(F63,3)&"")&"×"&IF(ROUND(C71,3)<0,"("&ROUND(C71,3)&")",ROUND(C71,3)&"")&" = "&IF(ROUND(C83,3)<0,"("&ROUND(C83,3)&")",ROUND(C83,3)&"") -> 0.241×1 + 2.14×0 + 0.81×1 + 0.8×0 = 1.051
B94: Q[cat, q2] | C94: =IF(ROUND(C63,3)<0,"("&ROUND(C63,3)&")",ROUND(C63,3)&"")&"×"&IF(ROUND(D68,3)<0,"("&ROUND(D68,3)&")",ROUND(D68,3)&"")&" + "&IF(ROUND(D63,3)<0,"("&ROUND(D63,3)&")",ROUND(D63,3)&"")&"×"&IF(ROUND(D69,3)<0,"("&ROUND(D69,3)&")",ROUND(D69,3)&"")&" + "&IF(ROUND(E63,3)<0,"("&ROUND(E63,3)&")",ROUND(E63,3)&"")&"×"&IF(ROUND(D70,3)<0,"("&ROUND(D70,3)&")",ROUND(D70,3)&"")&" + "&IF(ROUND(F63,3)<0,"("&ROUND(F63,3)&")",ROUND(F63,3)&"")&"×"&IF(ROUND(D71,3)<0,"("&ROUND(D71,3)&")",ROUND(D71,3)&"")&" = "&IF(ROUND(D83,3)<0,"("&ROUND(D83,3)&")",ROUND(D83,3)&"") -> 0.241×0 + 2.14×1 + 0.81×0 + 0.8×(-1) = 1.34
B95: Q[cat, q3] | C95: =IF(ROUND(C63,3)<0,"("&ROUND(C63,3)&")",ROUND(C63,3)&"")&"×"&IF(ROUND(E68,3)<0,"("&ROUND(E68,3)&")",ROUND(E68,3)&"")&" + "&IF(ROUND(D63,3)<0,"("&ROUND(D63,3)&")",ROUND(D63,3)&"")&"×"&IF(ROUND(E69,3)<0,"("&ROUND(E69,3)&")",ROUND(E69,3)&"")&" + "&IF(ROUND(E63,3)<0,"("&ROUND(E63,3)&")",ROUND(E63,3)&"")&"×"&IF(ROUND(E70,3)<0,"("&ROUND(E70,3)&")",ROUND(E70,3)&"")&" + "&IF(ROUND(F63,3)<0,"("&ROUND(F63,3)&")",ROUND(F63,3)&"")&"×"&IF(ROUND(E71,3)<0,"("&ROUND(E71,3)&")",ROUND(E71,3)&"")&" = "&IF(ROUND(E83,3)<0,"("&ROUND(E83,3)&")",ROUND(E83,3)&"") -> 0.241×1 + 2.14×0 + 0.81×(-1) + 0.8×0 = (-0.569)
B96: Q[cat, q4] | C96: =IF(ROUND(C63,3)<0,"("&ROUND(C63,3)&")",ROUND(C63,3)&"")&"×"&IF(ROUND(F68,3)<0,"("&ROUND(F68,3)&")",ROUND(F68,3)&"")&" + "&IF(ROUND(D63,3)<0,"("&ROUND(D63,3)&")",ROUND(D63,3)&"")&"×"&IF(ROUND(F69,3)<0,"("&ROUND(F69,3)&")",ROUND(F69,3)&"")&" + "&IF(ROUND(E63,3)<0,"("&ROUND(E63,3)&")",ROUND(E63,3)&"")&"×"&IF(ROUND(F70,3)<0,"("&ROUND(F70,3)&")",ROUND(F70,3)&"")&" + "&IF(ROUND(F63,3)<0,"("&ROUND(F63,3)&")",ROUND(F63,3)&"")&"×"&IF(ROUND(F71,3)<0,"("&ROUND(F71,3)&")",ROUND(F71,3)&"")&" = "&IF(ROUND(F83,3)<0,"("&ROUND(F83,3)&")",ROUND(F83,3)&"") -> 0.241×0 + 2.14×(-1) + 0.81×0 + 0.8×1 = (-1.34)
B97: K[cat, k1] | C97: =IF(ROUND(C63,3)<0,"("&ROUND(C63,3)&")",ROUND(C63,3)&"")&"×"&IF(ROUND(I68,3)<0,"("&ROUND(I68,3)&")",ROUND(I68,3)&"")&" + "&IF(ROUND(D63,3)<0,"("&ROUND(D63,3)&")",ROUND(D63,3)&"")&"×"&IF(ROUND(I69,3)<0,"("&ROUND(I69,3)&")",ROUND(I69,3)&"")&" + "&IF(ROUND(E63,3)<0,"("&ROUND(E63,3)&")",ROUND(E63,3)&"")&"×"&IF(ROUND(I70,3)<0,"("&ROUND(I70,3)&")",ROUND(I70,3)&"")&" + "&IF(ROUND(F63,3)<0,"("&ROUND(F63,3)&")",ROUND(F63,3)&"")&"×"&IF(ROUND(I71,3)<0,"("&ROUND(I71,3)&")",ROUND(I71,3)&"")&" = "&IF(ROUND(I83,3)<0,"("&ROUND(I83,3)&")",ROUND(I83,3)&"") -> 0.241×1 + 2.14×0 + 0.81×0 + 0.8×1 = 1.041
B98: K[cat, k2] | C98: =IF(ROUND(C63,3)<0,"("&ROUND(C63,3)&")",ROUND(C63,3)&"")&"×"&IF(ROUND(J68,3)<0,"("&ROUND(J68,3)&")",ROUND(J68,3)&"")&" + "&IF(ROUND(D63,3)<0,"("&ROUND(D63,3)&")",ROUND(D63,3)&"")&"×"&IF(ROUND(J69,3)<0,"("&ROUND(J69,3)&")",ROUND(J69,3)&"")&" + "&IF(ROUND(E63,3)<0,"("&ROUND(E63,3)&")",ROUND(E63,3)&"")&"×"&IF(ROUND(J70,3)<0,"("&ROUND(J70,3)&")",ROUND(J70,3)&"")&" + "&IF(ROUND(F63,3)<0,"("&ROUND(F63,3)&")",ROUND(F63,3)&"")&"×"&IF(ROUND(J71,3)<0,"("&ROUND(J71,3)&")",ROUND(J71,3)&"")&" = "&IF(ROUND(J83,3)<0,"("&ROUND(J83,3)&")",ROUND(J83,3)&"") -> 0.241×0 + 2.14×1 + 0.81×1 + 0.8×0 = 2.95
B99: NOTE: The paper's linear projections may include bias terms; the paper does not specify, and we omit them for clarity. Sheet 06 now uses these Q, K, V to compute attention.
B100: Check yourself
B101: Q1. In the fruit example, what would a query of [1, 1] return?
B102: Answer: Scores 2, 2, 2 → equal weights 1/3 → (30+10+20)/3 = 20: it likes everything equally.
B103: Q2. Why three separate matrices rather than using X directly as Q, K and V?
B104: Answer: So a word can look for something different from what it advertises, and pass on something different again — more flexible, and learnable.

Sheet 06 Scaled Attention
B1: 06 · Scaled Dot-Product Attention — the paper's Equation (1)
B2: Paper: §3.2.1, Equation (1), Figure 2 (left), footnote 4
B4: Attention(Q, K, V) = softmax( Q · Kᵀ / √d_k ) · V
B5: BIG IDEA: Four moves: (1) score every query against every key with a dot product, (2) shrink the scores by √d_k, (3) softmax each row into weights, (4) blend the values with those weights.
B6: Symbol | C6: What it means in plain English | L6: Value in the paper
B7: Q | C7: Queries — one row per word that is 'asking' | L7: n × d_k
B8: K | C8: Keys — one row per word being 'asked about' | L8: n × d_k
B9: Kᵀ | C9: K transposed, so Q·Kᵀ gives an n × n table of every query-key dot product | L9: d_k × n
B10: √d_k | C10: Square root of the key length; the scaling factor | L10: √64 = 8
B11: softmax(…) | C11: Applied to each ROW separately: each word's weights sum to 1 | L11: —
B12: V | C12: Values — what gets blended | L12: n × d_v
B13: Step | C13: Operation | F13: Shape (paper sizes) | I13: Plain meaning
B14: 1 | C14: S = Q · Kᵀ | F14: n × n | I14: how much each word matches each other word
B15: 2 | C15: S ÷ √d_k | F15: n × n | I15: tame the size of the scores
B16: 3 | C16: A = softmax(rows) | F16: n × n | I16: attention weights; each row sums to 1
B17: 4 | C17: Output = A · V | F17: n × d_v | I17: each word's new vector = weighted blend of values
B19: Example 1 (simplest): 3 words, d_k = 2, Q/K/V given directly
B20: Q | F20: K | J20: V
C21: d1 | D21: d2 | G21: d1 | H21: d2 | K21: d1 | L21: d2
B22: I | C22: 1 | D22: 0 | F22: I | G22: 2 | H22: 0 | J22: I | K22: 1 | L22: 0
B23: love | C23: 1 | D23: 1 | F23: love | G23: 0 | H23: 1 | J23: love | K23: 0 | L23: 1
B24: pizza | C24: 0 | D24: 2 | F24: pizza | G24: 1 | H24: 1 | J24: pizza | K24: 1 | L24: 1
B26: d_k | C26: 2 | D26: length of each query/key vector
B27: Step 1 | C27: Scores S = Q·Kᵀ. Row = the word asking, column = the word being looked at.
B28: S = Q · Kᵀ
C29: I | D29: love | E29: pizza
B30: I | C30: =C22*G22+D22*H22 -> 2 | D30: =C22*G23+D22*H23 -> 0 | E30: =C22*G24+D22*H24 -> 1
B31: love | C31: =C23*G22+D23*H22 -> 2 | D31: =C23*G23+D23*H23 -> 1 | E31: =C23*G24+D23*H24 -> 2
B32: pizza | C32: =C24*G22+D24*H22 -> 0 | D32: =C24*G23+D24*H23 -> 2 | E32: =C24*G24+D24*H24 -> 2
B34: S[I→I] | C34: =IF(ROUND(C22,3)<0,"("&ROUND(C22,3)&")",ROUND(C22,3)&"")&"×"&IF(ROUND(G22,3)<0,"("&ROUND(G22,3)&")",ROUND(G22,3)&"")&" + "&IF(ROUND(D22,3)<0,"("&ROUND(D22,3)&")",ROUND(D22,3)&"")&"×"&IF(ROUND(H22,3)<0,"("&ROUND(H22,3)&")",ROUND(H22,3)&"")&" = "&IF(ROUND(C30,3)<0,"("&ROUND(C30,3)&")",ROUND(C30,3)&"") -> 1×2 + 0×0 = 2
B35: S[I→love] | C35: =IF(ROUND(C22,3)<0,"("&ROUND(C22,3)&")",ROUND(C22,3)&"")&"×"&IF(ROUND(G23,3)<0,"("&ROUND(G23,3)&")",ROUND(G23,3)&"")&" + "&IF(ROUND(D22,3)<0,"("&ROUND(D22,3)&")",ROUND(D22,3)&"")&"×"&IF(ROUND(H23,3)<0,"("&ROUND(H23,3)&")",ROUND(H23,3)&"")&" = "&IF(ROUND(D30,3)<0,"("&ROUND(D30,3)&")",ROUND(D30,3)&"") -> 1×0 + 0×1 = 0
B36: S[I→pizza] | C36: =IF(ROUND(C22,3)<0,"("&ROUND(C22,3)&")",ROUND(C22,3)&"")&"×"&IF(ROUND(G24,3)<0,"("&ROUND(G24,3)&")",ROUND(G24,3)&"")&" + "&IF(ROUND(D22,3)<0,"("&ROUND(D22,3)&")",ROUND(D22,3)&"")&"×"&IF(ROUND(H24,3)<0,"("&ROUND(H24,3)&")",ROUND(H24,3)&"")&" = "&IF(ROUND(E30,3)<0,"("&ROUND(E30,3)&")",ROUND(E30,3)&"") -> 1×1 + 0×1 = 1
B37: S[love→I] | C37: =IF(ROUND(C23,3)<0,"("&ROUND(C23,3)&")",ROUND(C23,3)&"")&"×"&IF(ROUND(G22,3)<0,"("&ROUND(G22,3)&")",ROUND(G22,3)&"")&" + "&IF(ROUND(D23,3)<0,"("&ROUND(D23,3)&")",ROUND(D23,3)&"")&"×"&IF(ROUND(H22,3)<0,"("&ROUND(H22,3)&")",ROUND(H22,3)&"")&" = "&IF(ROUND(C31,3)<0,"("&ROUND(C31,3)&")",ROUND(C31,3)&"") -> 1×2 + 1×0 = 2
B38: S[love→love] | C38: =IF(ROUND(C23,3)<0,"("&ROUND(C23,3)&")",ROUND(C23,3)&"")&"×"&IF(ROUND(G23,3)<0,"("&ROUND(G23,3)&")",ROUND(G23,3)&"")&" + "&IF(ROUND(D23,3)<0,"("&ROUND(D23,3)&")",ROUND(D23,3)&"")&"×"&IF(ROUND(H23,3)<0,"("&ROUND(H23,3)&")",ROUND(H23,3)&"")&" = "&IF(ROUND(D31,3)<0,"("&ROUND(D31,3)&")",ROUND(D31,3)&"") -> 1×0 + 1×1 = 1
B39: S[love→pizza] | C39: =IF(ROUND(C23,3)<0,"("&ROUND(C23,3)&")",ROUND(C23,3)&"")&"×"&IF(ROUND(G24,3)<0,"("&ROUND(G24,3)&")",ROUND(G24,3)&"")&" + "&IF(ROUND(D23,3)<0,"("&ROUND(D23,3)&")",ROUND(D23,3)&"")&"×"&IF(ROUND(H24,3)<0,"("&ROUND(H24,3)&")",ROUND(H24,3)&"")&" = "&IF(ROUND(E31,3)<0,"("&ROUND(E31,3)&")",ROUND(E31,3)&"") -> 1×1 + 1×1 = 2
B40: S[pizza→I] | C40: =IF(ROUND(C24,3)<0,"("&ROUND(C24,3)&")",ROUND(C24,3)&"")&"×"&IF(ROUND(G22,3)<0,"("&ROUND(G22,3)&")",ROUND(G22,3)&"")&" + "&IF(ROUND(D24,3)<0,"("&ROUND(D24,3)&")",ROUND(D24,3)&"")&"×"&IF(ROUND(H22,3)<0,"("&ROUND(H22,3)&")",ROUND(H22,3)&"")&" = "&IF(ROUND(C32,3)<0,"("&ROUND(C32,3)&")",ROUND(C32,3)&"") -> 0×2 + 2×0 = 0
B41: S[pizza→love] | C41: =IF(ROUND(C24,3)<0,"("&ROUND(C24,3)&")",ROUND(C24,3)&"")&"×"&IF(ROUND(G23,3)<0,"("&ROUND(G23,3)&")",ROUND(G23,3)&"")&" + "&IF(ROUND(D24,3)<0,"("&ROUND(D24,3)&")",ROUND(D24,3)&"")&"×"&IF(ROUND(H23,3)<0,"("&ROUND(H23,3)&")",ROUND(H23,3)&"")&" = "&IF(ROUND(D32,3)<0,"("&ROUND(D32,3)&")",ROUND(D32,3)&"") -> 0×0 + 2×1 = 2
B42: S[pizza→pizza] | C42: =IF(ROUND(C24,3)<0,"("&ROUND(C24,3)&")",ROUND(C24,3)&"")&"×"&IF(ROUND(G24,3)<0,"("&ROUND(G24,3)&")",ROUND(G24,3)&"")&" + "&IF(ROUND(D24,3)<0,"("&ROUND(D24,3)&")",ROUND(D24,3)&"")&"×"&IF(ROUND(H24,3)<0,"("&ROUND(H24,3)&")",ROUND(H24,3)&"")&" = "&IF(ROUND(E32,3)<0,"("&ROUND(E32,3)&")",ROUND(E32,3)&"") -> 0×1 + 2×1 = 2
B43: Step 2 | C43: Divide every score by √d_k = √2 ≈ 1.414.
B44: S ÷ √d_k
C45: I | D45: love | E45: pizza
B46: I | C46: =C30/SQRT(C26) -> 1.4142136 | D46: =D30/SQRT(C26) -> 0 | E46: =E30/SQRT(C26) -> 0.70710678
B47: love | C47: =C31/SQRT(C26) -> 1.4142136 | D47: =D31/SQRT(C26) -> 0.70710678 | E47: =E31/SQRT(C26) -> 1.4142136
B48: pizza | C48: =C32/SQRT(C26) -> 0 | D48: =D32/SQRT(C26) -> 1.4142136 | E48: =E32/SQRT(C26) -> 1.4142136
B50: Step 3 | C50: Softmax each row (exp → divide by the row total). Darker blue = more attention.
B51: exp(score) | H51: Attention weights A
C52: I | D52: love | E52: pizza | F52: row total | I52: I | J52: love | K52: pizza
B53: I | C53: =EXP(C46) -> 4.1132504 | D53: =EXP(D46) -> 1 | E53: =EXP(E46) -> 2.028115 | F53: =SUM(C53:E53) -> 7.1413654 | H53: I | I53: =C53/F53 -> 0.57597535 | J53: =D53/F53 -> 0.14002925 | K53: =E53/F53 -> 0.28399541
B54: love | C54: =EXP(C47) -> 4.1132504 | D54: =EXP(D47) -> 2.028115 | E54: =EXP(E47) -> 4.1132504 | F54: =SUM(C54:E54) -> 10.254616 | H54: love | I54: =C54/F54 -> 0.40111209 | J54: =D54/F54 -> 0.19777581 | K54: =E54/F54 -> 0.40111209
B55: pizza | C55: =EXP(C48) -> 1 | D55: =EXP(D48) -> 4.1132504 | E55: =EXP(E48) -> 4.1132504 | F55: =SUM(C55:E55) -> 9.2265008 | H55: pizza | I55: =C55/F55 -> 0.10838345 | J55: =D55/F55 -> 0.44580827 | K55: =E55/F55 -> 0.44580827
B57: Row 'I' | C57: ="softmax("&IF(ROUND(C46,3)<0,"("&ROUND(C46,3)&")",ROUND(C46,3)&"")&", "&IF(ROUND(D46,3)<0,"("&ROUND(D46,3)&")",ROUND(D46,3)&"")&", "&IF(ROUND(E46,3)<0,"("&ROUND(E46,3)&")",ROUND(E46,3)&"")&") = ("&IF(ROUND(C53,3)<0,"("&ROUND(C53,3)&")",ROUND(C53,3)&"")&", "&IF(ROUND(D53,3)<0,"("&ROUND(D53,3)&")",ROUND(D53,3)&"")&", "&IF(ROUND(E53,3)<0,"("&ROUND(E53,3)&")",ROUND(E53,3)&"")&") ÷ "&IF(ROUND(F53,3)<0,"("&ROUND(F53,3)&")",ROUND(F53,3)&"")&" = ("&IF(ROUND(I53,3)<0,"("&ROUND(I53,3)&")",ROUND(I53,3)&"")&", "&IF(ROUND(J53,3)<0,"("&ROUND(J53,3)&")",ROUND(J53,3)&"")&", "&IF(ROUND(K53,3)<0,"("&ROUND(K53,3)&")",ROUND(K53,3)&"")&")" -> softmax(1.414, 0, 0.707) = (4.113, 1, 2.028) ÷ 7.141 = (0.576, 0.14, 0.284)
B58: Step 4 | C58: Output = A · V: each word's new vector is a blend of all value vectors.
B59: Output = A · V
C60: d1 | D60: d2
B61: I | C61: =I53*K22+J53*K23+K53*K24 -> 0.85997075 | D61: =I53*L22+J53*L23+K53*L24 -> 0.42402465
B62: love | C62: =I54*K22+J54*K23+K54*K24 -> 0.80222419 | D62: =I54*L22+J54*L23+K54*L24 -> 0.59888791
B63: pizza | C63: =I55*K22+J55*K23+K55*K24 -> 0.55419173 | D63: =I55*L22+J55*L23+K55*L24 -> 0.89161655
B65: Out[I, d1] | C65: =IF(ROUND(I53,3)<0,"("&ROUND(I53,3)&")",ROUND(I53,3)&"")&"×"&IF(ROUND(K22,3)<0,"("&ROUND(K22,3)&")",ROUND(K22,3)&"")&" + "&IF(ROUND(J53,3)<0,"("&ROUND(J53,3)&")",ROUND(J53,3)&"")&"×"&IF(ROUND(K23,3)<0,"("&ROUND(K23,3)&")",ROUND(K23,3)&"")&" + "&IF(ROUND(K53,3)<0,"("&ROUND(K53,3)&")",ROUND(K53,3)&"")&"×"&IF(ROUND(K24,3)<0,"("&ROUND(K24,3)&")",ROUND(K24,3)&"")&" = "&IF(ROUND(C61,3)<0,"("&ROUND(C61,3)&")",ROUND(C61,3)&"") -> 0.576×1 + 0.14×0 + 0.284×1 = 0.86
B66: Out[I, d2] | C66: =IF(ROUND(I53,3)<0,"("&ROUND(I53,3)&")",ROUND(I53,3)&"")&"×"&IF(ROUND(L22,3)<0,"("&ROUND(L22,3)&")",ROUND(L22,3)&"")&" + "&IF(ROUND(J53,3)<0,"("&ROUND(J53,3)&")",ROUND(J53,3)&"")&"×"&IF(ROUND(L23,3)<0,"("&ROUND(L23,3)&")",ROUND(L23,3)&"")&" + "&IF(ROUND(K53,3)<0,"("&ROUND(K53,3)&")",ROUND(K53,3)&"")&"×"&IF(ROUND(L24,3)<0,"("&ROUND(L24,3)&")",ROUND(L24,3)&"")&" = "&IF(ROUND(D61,3)<0,"("&ROUND(D61,3)&")",ROUND(D61,3)&"") -> 0.576×0 + 0.14×1 + 0.284×1 = 0.424
B67: Out[love, d1] | C67: =IF(ROUND(I54,3)<0,"("&ROUND(I54,3)&")",ROUND(I54,3)&"")&"×"&IF(ROUND(K22,3)<0,"("&ROUND(K22,3)&")",ROUND(K22,3)&"")&" + "&IF(ROUND(J54,3)<0,"("&ROUND(J54,3)&")",ROUND(J54,3)&"")&"×"&IF(ROUND(K23,3)<0,"("&ROUND(K23,3)&")",ROUND(K23,3)&"")&" + "&IF(ROUND(K54,3)<0,"("&ROUND(K54,3)&")",ROUND(K54,3)&"")&"×"&IF(ROUND(K24,3)<0,"("&ROUND(K24,3)&")",ROUND(K24,3)&"")&" = "&IF(ROUND(C62,3)<0,"("&ROUND(C62,3)&")",ROUND(C62,3)&"") -> 0.401×1 + 0.198×0 + 0.401×1 = 0.802
B68: Out[love, d2] | C68: =IF(ROUND(I54,3)<0,"("&ROUND(I54,3)&")",ROUND(I54,3)&"")&"×"&IF(ROUND(L22,3)<0,"("&ROUND(L22,3)&")",ROUND(L22,3)&"")&" + "&IF(ROUND(J54,3)<0,"("&ROUND(J54,3)&")",ROUND(J54,3)&"")&"×"&IF(ROUND(L23,3)<0,"("&ROUND(L23,3)&")",ROUND(L23,3)&"")&" + "&IF(ROUND(K54,3)<0,"("&ROUND(K54,3)&")",ROUND(K54,3)&"")&"×"&IF(ROUND(L24,3)<0,"("&ROUND(L24,3)&")",ROUND(L24,3)&"")&" = "&IF(ROUND(D62,3)<0,"("&ROUND(D62,3)&")",ROUND(D62,3)&"") -> 0.401×0 + 0.198×1 + 0.401×1 = 0.599
B69: Out[pizza, d1] | C69: =IF(ROUND(I55,3)<0,"("&ROUND(I55,3)&")",ROUND(I55,3)&"")&"×"&IF(ROUND(K22,3)<0,"("&ROUND(K22,3)&")",ROUND(K22,3)&"")&" + "&IF(ROUND(J55,3)<0,"("&ROUND(J55,3)&")",ROUND(J55,3)&"")&"×"&IF(ROUND(K23,3)<0,"("&ROUND(K23,3)&")",ROUND(K23,3)&"")&" + "&IF(ROUND(K55,3)<0,"("&ROUND(K55,3)&")",ROUND(K55,3)&"")&"×"&IF(ROUND(K24,3)<0,"("&ROUND(K24,3)&")",ROUND(K24,3)&"")&" = "&IF(ROUND(C63,3)<0,"("&ROUND(C63,3)&")",ROUND(C63,3)&"") -> 0.108×1 + 0.446×0 + 0.446×1 = 0.554
B70: Out[pizza, d2] | C70: =IF(ROUND(I55,3)<0,"("&ROUND(I55,3)&")",ROUND(I55,3)&"")&"×"&IF(ROUND(L22,3)<0,"("&ROUND(L22,3)&")",ROUND(L22,3)&"")&" + "&IF(ROUND(J55,3)<0,"("&ROUND(J55,3)&")",ROUND(J55,3)&"")&"×"&IF(ROUND(L23,3)<0,"("&ROUND(L23,3)&")",ROUND(L23,3)&"")&" + "&IF(ROUND(K55,3)<0,"("&ROUND(K55,3)&")",ROUND(K55,3)&"")&"×"&IF(ROUND(L24,3)<0,"("&ROUND(L24,3)&")",ROUND(L24,3)&"")&" = "&IF(ROUND(D63,3)<0,"("&ROUND(D63,3)&")",ROUND(D63,3)&"") -> 0.108×0 + 0.446×1 + 0.446×1 = 0.892
B71: Reading the result: 'I' attends most to itself (its query [1,0] matches key 'I' = [2,0] best), so its output is pulled towards V[I] = [1,0]. 'pizza' spreads attention between 'love' and 'pizza'. Every word now carries information gathered from the others — that is 'context'.
B73: Example 2 (moderate): the real Q, K, V of 'the cat sat' from sheet 05 (d_k = 4)
B74: Q (sheet 05) | H74: K (sheet 05)
C75: dim 1 | D75: dim 2 | E75: dim 3 | F75: dim 4 | I75: dim 1 | J75: dim 2 | K75: dim 3 | L75: dim 4
B76: ='03 Embeddings'!$B$36 -> the | C76: ='05 Query-Key-Value'!$C$82 -> 1.2 | D76: ='05 Query-Key-Value'!$D$82 -> -0.4 | E76: ='05 Query-Key-Value'!$E$82 -> 0.8 | F76: ='05 Query-Key-Value'!$F$82 -> 0.4 | H76: ='03 Embeddings'!$B$36 -> the | I76: ='05 Query-Key-Value'!$I$82 -> 2 | J76: ='05 Query-Key-Value'!$J$82 -> 0.8 | K76: ='05 Query-Key-Value'!$K$82 -> 0.4 | L76: ='05 Query-Key-Value'!$L$82 -> 0
B77: ='03 Embeddings'!$B$37 -> cat | C77: ='05 Query-Key-Value'!$C$83 -> 1.0514708 | D77: ='05 Query-Key-Value'!$D$83 -> 1.3403523 | E77: ='05 Query-Key-Value'!$E$83 -> -0.56852885 | F77: ='05 Query-Key-Value'!$F$83 -> -1.3403523 | H77: ='03 Embeddings'!$B$37 -> cat | I77: ='05 Query-Key-Value'!$I$83 -> 1.041421 | J77: ='05 Query-Key-Value'!$J$83 -> 2.9503021 | K77: ='05 Query-Key-Value'!$K$83 -> 1.3303025 | L77: ='05 Query-Key-Value'!$L$83 -> -0.55847902
B78: ='03 Embeddings'!$B$38 -> sat | C78: ='05 Query-Key-Value'!$C$84 -> 0.12929609 | D78: ='05 Query-Key-Value'!$D$84 -> -2.2159468 | E78: ='05 Query-Key-Value'!$E$84 -> 2.4892988 | F78: ='05 Query-Key-Value'!$F$84 -> 2.2159468 | H78: ='03 Embeddings'!$B$38 -> sat | I78: ='05 Query-Key-Value'!$I$84 -> 3.3090974 | J78: ='05 Query-Key-Value'!$J$84 -> -1.3961482 | K78: ='05 Query-Key-Value'!$K$84 -> 0.9638545 | L78: ='05 Query-Key-Value'!$L$84 -> -0.69050258
B80: V (sheet 05)
C81: dim 1 | D81: dim 2 | E81: dim 3 | F81: dim 4
B82: ='03 Embeddings'!$B$36 -> the | C82: ='05 Query-Key-Value'!$C$88 -> 1 | D82: ='05 Query-Key-Value'!$D$88 -> 0.6 | E82: ='05 Query-Key-Value'!$E$88 -> 0.7 | F82: ='05 Query-Key-Value'!$F$88 -> 0.5
B83: ='03 Embeddings'!$B$37 -> cat | C83: ='05 Query-Key-Value'!$C$89 -> 0.52071049 | D83: ='05 Query-Key-Value'!$D$89 -> 2.1403023 | E83: ='05 Query-Key-Value'!$E$89 -> 0.93073533 | F83: ='05 Query-Key-Value'!$F$89 -> 0.399975
B84: ='03 Embeddings'!$B$38 -> sat | C84: ='05 Query-Key-Value'!$C$90 -> 1.6545487 | D84: ='05 Query-Key-Value'!$D$90 -> -0.21614684 | E84: ='05 Query-Key-Value'!$E$90 -> -0.52535262 | F84: ='05 Query-Key-Value'!$F$90 -> 0.9999
B86: d_k | C86: 4 | D86: √4 = 2
B87: S = Q · Kᵀ | G87: S ÷ √d_k
C88: ='03 Embeddings'!$B$36 -> the | D88: ='03 Embeddings'!$B$37 -> cat | E88: ='03 Embeddings'!$B$38 -> sat | H88: ='03 Embeddings'!$B$36 -> the | I88: ='03 Embeddings'!$B$37 -> cat | J88: ='03 Embeddings'!$B$38 -> sat
B89: ='03 Embeddings'!$B$36 -> the | C89: =C76*I76+D76*J76+E76*K76+F76*L76 -> 2.4 | D89: =C76*I77+D76*J77+E76*K77+F76*L77 -> 0.9104347 | E89: =C76*I78+D76*J78+E76*K78+F76*L78 -> 5.0242588 | G89: ='03 Embeddings'!$B$36 -> the | H89: =C89/SQRT(C86) -> 1.2 | I89: =D89/SQRT(C86) -> 0.45521735 | J89: =E89/SQRT(C86) -> 2.5121294
B90: ='03 Embeddings'!$B$37 -> cat | C90: =C77*I76+D77*J76+E77*K76+F77*L76 -> 2.9478119 | D90: =C77*I77+D77*J77+E77*K77+F77*L77 -> 5.0417114 | E90: =C77*I78+D77*J78+E77*K78+F77*L78 -> 1.9856266 | G90: ='03 Embeddings'!$B$37 -> cat | H90: =C90/SQRT(C86) -> 1.473906 | I90: =D90/SQRT(C86) -> 2.5208557 | J90: =E90/SQRT(C86) -> 0.9928133
B91: ='03 Embeddings'!$B$38 -> sat | C91: =C78*I76+D78*J76+E78*K76+F78*L76 -> -0.51844578 | D91: =C78*I77+D78*J77+E78*K77+F78*L77 -> -4.3291006 | E91: =C78*I78+D78*J78+E78*K78+F78*L78 -> 4.3908483 | G91: ='03 Embeddings'!$B$38 -> sat | H91: =C91/SQRT(C86) -> -0.25922289 | I91: =D91/SQRT(C86) -> -2.1645503 | J91: =E91/SQRT(C86) -> 2.1954241
B93: S[cat→the] | C93: =IF(ROUND(C77,3)<0,"("&ROUND(C77,3)&")",ROUND(C77,3)&"")&"×"&IF(ROUND(I76,3)<0,"("&ROUND(I76,3)&")",ROUND(I76,3)&"")&" + "&IF(ROUND(D77,3)<0,"("&ROUND(D77,3)&")",ROUND(D77,3)&"")&"×"&IF(ROUND(J76,3)<0,"("&ROUND(J76,3)&")",ROUND(J76,3)&"")&" + "&IF(ROUND(E77,3)<0,"("&ROUND(E77,3)&")",ROUND(E77,3)&"")&"×"&IF(ROUND(K76,3)<0,"("&ROUND(K76,3)&")",ROUND(K76,3)&"")&" + "&IF(ROUND(F77,3)<0,"("&ROUND(F77,3)&")",ROUND(F77,3)&"")&"×"&IF(ROUND(L76,3)<0,"("&ROUND(L76,3)&")",ROUND(L76,3)&"")&" = "&IF(ROUND(C90,3)<0,"("&ROUND(C90,3)&")",ROUND(C90,3)&"") -> 1.051×2 + 1.34×0.8 + (-0.569)×0.4 + (-1.34)×0 = 2.948
B94: S[cat→cat] | C94: =IF(ROUND(C77,3)<0,"("&ROUND(C77,3)&")",ROUND(C77,3)&"")&"×"&IF(ROUND(I77,3)<0,"("&ROUND(I77,3)&")",ROUND(I77,3)&"")&" + "&IF(ROUND(D77,3)<0,"("&ROUND(D77,3)&")",ROUND(D77,3)&"")&"×"&IF(ROUND(J77,3)<0,"("&ROUND(J77,3)&")",ROUND(J77,3)&"")&" + "&IF(ROUND(E77,3)<0,"("&ROUND(E77,3)&")",ROUND(E77,3)&"")&"×"&IF(ROUND(K77,3)<0,"("&ROUND(K77,3)&")",ROUND(K77,3)&"")&" + "&IF(ROUND(F77,3)<0,"("&ROUND(F77,3)&")",ROUND(F77,3)&"")&"×"&IF(ROUND(L77,3)<0,"("&ROUND(L77,3)&")",ROUND(L77,3)&"")&" = "&IF(ROUND(D90,3)<0,"("&ROUND(D90,3)&")",ROUND(D90,3)&"") -> 1.051×1.041 + 1.34×2.95 + (-0.569)×1.33 + (-1.34)×(-0.558) = 5.042
B95: S[cat→sat] | C95: =IF(ROUND(C77,3)<0,"("&ROUND(C77,3)&")",ROUND(C77,3)&"")&"×"&IF(ROUND(I78,3)<0,"("&ROUND(I78,3)&")",ROUND(I78,3)&"")&" + "&IF(ROUND(D77,3)<0,"("&ROUND(D77,3)&")",ROUND(D77,3)&"")&"×"&IF(ROUND(J78,3)<0,"("&ROUND(J78,3)&")",ROUND(J78,3)&"")&" + "&IF(ROUND(E77,3)<0,"("&ROUND(E77,3)&")",ROUND(E77,3)&"")&"×"&IF(ROUND(K78,3)<0,"("&ROUND(K78,3)&")",ROUND(K78,3)&"")&" + "&IF(ROUND(F77,3)<0,"("&ROUND(F77,3)&")",ROUND(F77,3)&"")&"×"&IF(ROUND(L78,3)<0,"("&ROUND(L78,3)&")",ROUND(L78,3)&"")&" = "&IF(ROUND(E90,3)<0,"("&ROUND(E90,3)&")",ROUND(E90,3)&"") -> 1.051×3.309 + 1.34×(-1.396) + (-0.569)×0.964 + (-1.34)×(-0.691) = 1.986
B96: exp(score) | H96: Attention weights A
C97: ='03 Embeddings'!$B$36 -> the | D97: ='03 Embeddings'!$B$37 -> cat | E97: ='03 Embeddings'!$B$38 -> sat | F97: row total | I97: ='03 Embeddings'!$B$36 -> the | J97: ='03 Embeddings'!$B$37 -> cat | K97: ='03 Embeddings'!$B$38 -> sat
B98: ='03 Embeddings'!$B$36 -> the | C98: =EXP(H89) -> 3.3201169 | D98: =EXP(I89) -> 1.576516 | E98: =EXP(J89) -> 12.33116 | F98: =SUM(C98:E98) -> 17.227793 | H98: ='03 Embeddings'!$B$36 -> the | I98: =C98/F98 -> 0.19271865 | J98: =D98/F98 -> 0.09151004 | K98: =E98/F98 -> 0.71577131
B99: ='03 Embeddings'!$B$37 -> cat | C99: =EXP(H90) -> 4.3662563 | D99: =EXP(I90) -> 12.439236 | E99: =EXP(J90) -> 2.6988164 | F99: =SUM(C99:E99) -> 19.504309 | H99: ='03 Embeddings'!$B$37 -> cat | I99: =C99/F99 -> 0.22386112 | J99: =D99/F99 -> 0.63776862 | K99: =E99/F99 -> 0.13837027
B100: ='03 Embeddings'!$B$38 -> sat | C100: =EXP(H91) -> 0.77165101 | D100: =EXP(I91) -> 0.11480155 | E100: =EXP(J91) -> 8.9838107 | F100: =SUM(C100:E100) -> 9.8702633 | H100: ='03 Embeddings'!$B$38 -> sat | I100: =C100/F100 -> 0.078179375 | J100: =D100/F100 -> 0.011631053 | K100: =E100/F100 -> 0.91018957
B102: Output = A · V
C103: dim 1 | D103: dim 2 | E103: dim 3 | F103: dim 4
B104: ='03 Embeddings'!$B$36 -> the | C104: =I98*C82+J98*C83+K98*C84 -> 1.4246474 | D104: =I98*D82+J98*D83+K98*D84 -> 0.15677863 | E104: =I98*E82+J98*E83+K98*E84 -> -0.15595765 | F104: =I98*F82+J98*F83+K98*F84 -> 0.84866079
B105: ='03 Embeddings'!$B$37 -> cat | C105: =I99*C82+J99*C83+K99*C84 -> 0.78489427 | D105: =I99*D82+J99*D83+K99*D84 -> 1.469426 | E105: =I99*E82+J99*E83+K99*E84 -> 0.67760338 | F105: =I99*F82+J99*F83+K99*F84 -> 0.50537849
B106: ='03 Embeddings'!$B$38 -> sat | C106: =I100*C82+J100*C83+K100*C84 -> 1.5901888 | D106: =I100*D82+J100*D83+K100*D84 -> -0.124933 | E106: =I100*E82+J100*E83+K100*E84 -> -0.41261948 | F106: =I100*F82+J100*F83+K100*F84 -> 0.95384037
B108: Out[cat, dim 1] | C108: =IF(ROUND(I99,3)<0,"("&ROUND(I99,3)&")",ROUND(I99,3)&"")&"×"&IF(ROUND(C82,3)<0,"("&ROUND(C82,3)&")",ROUND(C82,3)&"")&" + "&IF(ROUND(J99,3)<0,"("&ROUND(J99,3)&")",ROUND(J99,3)&"")&"×"&IF(ROUND(C83,3)<0,"("&ROUND(C83,3)&")",ROUND(C83,3)&"")&" + "&IF(ROUND(K99,3)<0,"("&ROUND(K99,3)&")",ROUND(K99,3)&"")&"×"&IF(ROUND(C84,3)<0,"("&ROUND(C84,3)&")",ROUND(C84,3)&"")&" = "&IF(ROUND(C105,3)<0,"("&ROUND(C105,3)&")",ROUND(C105,3)&"") -> 0.224×1 + 0.638×0.521 + 0.138×1.655 = 0.785
B109: Out[cat, dim 2] | C109: =IF(ROUND(I99,3)<0,"("&ROUND(I99,3)&")",ROUND(I99,3)&"")&"×"&IF(ROUND(D82,3)<0,"("&ROUND(D82,3)&")",ROUND(D82,3)&"")&" + "&IF(ROUND(J99,3)<0,"("&ROUND(J99,3)&")",ROUND(J99,3)&"")&"×"&IF(ROUND(D83,3)<0,"("&ROUND(D83,3)&")",ROUND(D83,3)&"")&" + "&IF(ROUND(K99,3)<0,"("&ROUND(K99,3)&")",ROUND(K99,3)&"")&"×"&IF(ROUND(D84,3)<0,"("&ROUND(D84,3)&")",ROUND(D84,3)&"")&" = "&IF(ROUND(D105,3)<0,"("&ROUND(D105,3)&")",ROUND(D105,3)&"") -> 0.224×0.6 + 0.638×2.14 + 0.138×(-0.216) = 1.469
B110: Out[cat, dim 3] | C110: =IF(ROUND(I99,3)<0,"("&ROUND(I99,3)&")",ROUND(I99,3)&"")&"×"&IF(ROUND(E82,3)<0,"("&ROUND(E82,3)&")",ROUND(E82,3)&"")&" + "&IF(ROUND(J99,3)<0,"("&ROUND(J99,3)&")",ROUND(J99,3)&"")&"×"&IF(ROUND(E83,3)<0,"("&ROUND(E83,3)&")",ROUND(E83,3)&"")&" + "&IF(ROUND(K99,3)<0,"("&ROUND(K99,3)&")",ROUND(K99,3)&"")&"×"&IF(ROUND(E84,3)<0,"("&ROUND(E84,3)&")",ROUND(E84,3)&"")&" = "&IF(ROUND(E105,3)<0,"("&ROUND(E105,3)&")",ROUND(E105,3)&"") -> 0.224×0.7 + 0.638×0.931 + 0.138×(-0.525) = 0.678
B111: Out[cat, dim 4] | C111: =IF(ROUND(I99,3)<0,"("&ROUND(I99,3)&")",ROUND(I99,3)&"")&"×"&IF(ROUND(F82,3)<0,"("&ROUND(F82,3)&")",ROUND(F82,3)&"")&" + "&IF(ROUND(J99,3)<0,"("&ROUND(J99,3)&")",ROUND(J99,3)&"")&"×"&IF(ROUND(F83,3)<0,"("&ROUND(F83,3)&")",ROUND(F83,3)&"")&" + "&IF(ROUND(K99,3)<0,"("&ROUND(K99,3)&")",ROUND(K99,3)&"")&"×"&IF(ROUND(F84,3)<0,"("&ROUND(F84,3)&")",ROUND(F84,3)&"")&" = "&IF(ROUND(F105,3)<0,"("&ROUND(F105,3)&")",ROUND(F105,3)&"") -> 0.224×0.5 + 0.638×0.4 + 0.138×1 = 0.505
B112: Each row of the heat-map says where that word 'looked'. With made-up weights the pattern has no linguistic meaning, but in a trained model rows show sensible links — e.g. a pronoun attending to the noun it refers to (the paper's appendix, Figures 3–5).
B114: Why divide by √d_k? (footnote 4, worked out)
...

Sheet 07 Masking
B1: 07 · Masking — stopping the decoder from peeking at future words
B2: Paper: §3.1 (Decoder), §3.2.3 third bullet, Figure 2 ('Mask (opt.)')
B4: BIG IDEA: During training the decoder is shown the whole correct translation at once (fast!), but each position must predict its next word WITHOUT seeing it. A mask sets the scores for 'future' words to −∞, so softmax gives them exactly 0 weight.
B5: ANALOGY: A student working through an answer sheet with a piece of card covering every line below the one they're on. They may read everything above; nothing below.
B6: 1. Shifted right: what each decoder position sees and predicts
B7: §3.1: the output embeddings are 'offset by one position', and masking ensures 'the predictions for position i can depend only on the known outputs at positions less than i'. For the target 'Die Katze saß':
B8: Position | C8: Decoder INPUT at this position | G8: Allowed to look at | K8: Must PREDICT
B9: 1 | C9: <s> (start token) | G9: <s> | K9: Die
B10: 2 | C10: Die | G10: <s>, Die | K10: Katze
B11: 3 | C11: Katze | G11: <s>, Die, Katze | K11: saß
B12: 4 | C12: saß | G12: <s>, Die, Katze, saß | K12: </s> (end)
B13: This is called 'teacher forcing': all four predictions are trained in parallel in one pass, which is a big part of why the Transformer trains fast. At translation time (inference) the decoder really does go one word at a time.
B14: masked score[i, j] = score[i, j] if j ≤ i, −∞ if j > i then softmax as usual
B16: Example 1 (simplest): 3 × 3 scores, apply the mask, softmax
B17: Raw scores (given) | G17: Mask (0 = allowed)
C18: <s> | D18: Die | E18: Katze | H18: <s> | I18: Die | J18: Katze
B19: <s> | C19: 2 | D19: 1 | E19: 3 | G19: <s> | H19: =IF(0>0,-1000000000,0) -> 0 | I19: =IF(1>0,-1000000000,0) -> -1000000000 | J19: =IF(2>0,-1000000000,0) -> -1000000000
B20: Die | C20: 1 | D20: 2 | E20: 0 | G20: Die | H20: =IF(0>1,-1000000000,0) -> 0 | I20: =IF(1>1,-1000000000,0) -> 0 | J20: =IF(2>1,-1000000000,0) -> -1000000000
B21: Katze | C21: 0 | D21: 1 | E21: 2 | G21: Katze | H21: =IF(0>2,-1000000000,0) -> 0 | I21: =IF(1>2,-1000000000,0) -> 0 | J21: =IF(2>2,-1000000000,0) -> 0
B23: In Excel we use −1,000,000,000 for −∞ (displayed as −∞). e^(−1,000,000,000) is 0 to every decimal place.
B24: Masked scores = S + mask
C25: <s> | D25: Die | E25: Katze
B26: <s> | C26: =C19+H19 -> 2 | D26: =D19+I19 -> -999999999 | E26: =E19+J19 -> -999999997
B27: Die | C27: =C20+H20 -> 1 | D27: =D20+I20 -> 2 | E27: =E20+J20 -> -1000000000
B28: Katze | C28: =C21+H21 -> 0 | D28: =D21+I21 -> 1 | E28: =E21+J21 -> 2
B30: exp(score) | H30: Masked attention weights
C31: <s> | D31: Die | E31: Katze | F31: row total | I31: <s> | J31: Die | K31: Katze
B32: <s> | C32: =EXP(C26) -> 7.3890561 | D32: =EXP(D26) -> 0 | E32: =EXP(E26) -> 0 | F32: =SUM(C32:E32) -> 7.3890561 | H32: <s> | I32: =C32/F32 -> 1 | J32: =D32/F32 -> 0 | K32: =E32/F32 -> 0
B33: Die | C33: =EXP(C27) -> 2.7182818 | D33: =EXP(D27) -> 7.3890561 | E33: =EXP(E27) -> 0 | F33: =SUM(C33:E33) -> 10.107338 | H33: Die | I33: =C33/F33 -> 0.26894142 | J33: =D33/F33 -> 0.73105858 | K33: =E33/F33 -> 0
B34: Katze | C34: =EXP(C28) -> 1 | D34: =EXP(D28) -> 2.7182818 | E34: =EXP(E28) -> 7.3890561 | F34: =SUM(C34:E34) -> 11.107338 | H34: Katze | I34: =C34/F34 -> 0.090030573 | J34: =D34/F34 -> 0.24472847 | K34: =E34/F34 -> 0.66524096
B36: Row <s> | C36: ="only itself allowed: "&IF(ROUND(C32,3)<0,"("&ROUND(C32,3)&")",ROUND(C32,3)&"")&" ÷ "&IF(ROUND(F32,3)<0,"("&ROUND(F32,3)&")",ROUND(F32,3)&"")&" = "&IF(ROUND(I32,3)<0,"("&ROUND(I32,3)&")",ROUND(I32,3)&"")&" (future words get 0)" -> only itself allowed: 7.389 ÷ 7.389 = 1 (future words get 0)
B37: Row Die | C37: ="e^"&IF(ROUND(C27,3)<0,"("&ROUND(C27,3)&")",ROUND(C27,3)&"")&" and e^"&IF(ROUND(D27,3)<0,"("&ROUND(D27,3)&")",ROUND(D27,3)&"")&" → "&IF(ROUND(C33,3)<0,"("&ROUND(C33,3)&")",ROUND(C33,3)&"")&", "&IF(ROUND(D33,3)<0,"("&ROUND(D33,3)&")",ROUND(D33,3)&"")&"; ÷ "&IF(ROUND(F33,3)<0,"("&ROUND(F33,3)&")",ROUND(F33,3)&"")&" → "&IF(ROUND(I33,3)<0,"("&ROUND(I33,3)&")",ROUND(I33,3)&"")&", "&IF(ROUND(J33,3)<0,"("&ROUND(J33,3)&")",ROUND(J33,3)&"")&", 0" -> e^1 and e^2 → 2.718, 7.389; ÷ 10.107 → 0.269, 0.731, 0
B38: The weight matrix is 'lower-triangular': everything above the diagonal is exactly 0. Notice the raw score for <s>→Katze was the biggest (3), yet it gets zero weight — the mask wins.
B40: Example 2 (moderate): full masked attention for '<s> Die Katze saß' (d_k = 2)
B41: Q | F41: K | J41: V
C42: d1 | D42: d2 | G42: d1 | H42: d2 | K42: d1 | L42: d2
B43: <s> | C43: 1 | D43: 0 | F43: <s> | G43: 1 | H43: 1 | J43: <s> | K43: 1 | L43: 0
B44: Die | C44: 0 | D44: 1 | F44: Die | G44: 1 | H44: 0 | J44: Die | K44: 0 | L44: 1
B45: Katze | C45: 1 | D45: 1 | F45: Katze | G45: 0 | H45: 2 | J45: Katze | K45: 2 | L45: 2
B46: saß | C46: 2 | D46: 0 | F46: saß | G46: 1 | H46: -1 | J46: saß | K46: 5 | L46: -5
B48: d_k | C48: 2
B49: S ÷ √d_k | H49: Masked
C50: <s> | D50: Die | E50: Katze | F50: saß | I50: <s> | J50: Die | K50: Katze | L50: saß
B51: <s> | C51: =(C43*G43+D43*H43)/SQRT(C48) -> 0.70710678 | D51: =(C43*G44+D43*H44)/SQRT(C48) -> 0.70710678 | E51: =(C43*G45+D43*H45)/SQRT(C48) -> 0 | F51: =(C43*G46+D43*H46)/SQRT(C48) -> 0.70710678 | H51: <s> | I51: =C51+IF(0>0,-1000000000,0) -> 0.70710678 | J51: =D51+IF(1>0,-1000000000,0) -> -1e+09 | K51: =E51+IF(2>0,-1000000000,0) -> -1000000000 | L51: =F51+IF(3>0,-1000000000,0) -> -1e+09
B52: Die | C52: =(C44*G43+D44*H43)/SQRT(C48) -> 0.70710678 | D52: =(C44*G44+D44*H44)/SQRT(C48) -> 0 | E52: =(C44*G45+D44*H45)/SQRT(C48) -> 1.4142136 | F52: =(C44*G46+D44*H46)/SQRT(C48) -> -0.70710678 | H52: Die | I52: =C52+IF(0>1,-1000000000,0) -> 0.70710678 | J52: =D52+IF(1>1,-1000000000,0) -> 0 | K52: =E52+IF(2>1,-1000000000,0) -> -1e+09 | L52: =F52+IF(3>1,-1000000000,0) -> -1e+09
B53: Katze | C53: =(C45*G43+D45*H43)/SQRT(C48) -> 1.4142136 | D53: =(C45*G44+D45*H44)/SQRT(C48) -> 0.70710678 | E53: =(C45*G45+D45*H45)/SQRT(C48) -> 1.4142136 | F53: =(C45*G46+D45*H46)/SQRT(C48) -> 0 | H53: Katze | I53: =C53+IF(0>2,-1000000000,0) -> 1.4142136 | J53: =D53+IF(1>2,-1000000000,0) -> 0.70710678 | K53: =E53+IF(2>2,-1000000000,0) -> 1.4142136 | L53: =F53+IF(3>2,-1000000000,0) -> -1000000000
B54: saß | C54: =(C46*G43+D46*H43)/SQRT(C48) -> 1.4142136 | D54: =(C46*G44+D46*H44)/SQRT(C48) -> 1.4142136 | E54: =(C46*G45+D46*H45)/SQRT(C48) -> 0 | F54: =(C46*G46+D46*H46)/SQRT(C48) -> 1.4142136 | H54: saß | I54: =C54+IF(0>3,-1000000000,0) -> 1.4142136 | J54: =D54+IF(1>3,-1000000000,0) -> 1.4142136 | K54: =E54+IF(2>3,-1000000000,0) -> 0 | L54: =F54+IF(3>3,-1000000000,0) -> 1.4142136
B56: exp(score) | I56: Masked weights A
C57: <s> | D57: Die | E57: Katze | F57: saß | G57: row total | J57: <s> | K57: Die | L57: Katze | M57: saß
B58: <s> | C58: =EXP(I51) -> 2.028115 | D58: =EXP(J51) -> 0 | E58: =EXP(K51) -> 0 | F58: =EXP(L51) -> 0 | G58: =SUM(C58:F58) -> 2.028115 | I58: <s> | J58: =C58/G58 -> 1 | K58: =D58/G58 -> 0 | L58: =E58/G58 -> 0 | M58: =F58/G58 -> 0
B59: Die | C59: =EXP(I52) -> 2.028115 | D59: =EXP(J52) -> 1 | E59: =EXP(K52) -> 0 | F59: =EXP(L52) -> 0 | G59: =SUM(C59:F59) -> 3.028115 | I59: Die | J59: =C59/G59 -> 0.66976155 | K59: =D59/G59 -> 0.33023845 | L59: =E59/G59 -> 0 | M59: =F59/G59 -> 0
B60: Katze | C60: =EXP(I53) -> 4.1132504 | D60: =EXP(J53) -> 2.028115 | E60: =EXP(K53) -> 4.1132504 | F60: =EXP(L53) -> 0 | G60: =SUM(C60:F60) -> 10.254616 | I60: Katze | J60: =C60/G60 -> 0.40111209 | K60: =D60/G60 -> 0.19777581 | L60: =E60/G60 -> 0.40111209 | M60: =F60/G60 -> 0
B61: saß | C61: =EXP(I54) -> 4.1132504 | D61: =EXP(J54) -> 4.1132504 | E61: =EXP(K54) -> 1 | F61: =EXP(L54) -> 4.1132504 | G61: =SUM(C61:F61) -> 13.339751 | I61: saß | J61: =C61/G61 -> 0.30834536 | K61: =D61/G61 -> 0.30834536 | L61: =E61/G61 -> 0.074963917 | M61: =F61/G61 -> 0.30834536
B63: Output = A · V
C64: d1 | D64: d2
B65: <s> | C65: =J58*K43+K58*K44+L58*K45+M58*K46 -> 1 | D65: =J58*L43+K58*L44+L58*L45+M58*L46 -> 0
B66: Die | C66: =J59*K43+K59*K44+L59*K45+M59*K46 -> 0.66976155 | D66: =J59*L43+K59*L44+L59*L45+M59*L46 -> 0.33023845
B67: Katze | C67: =J60*K43+K60*K44+L60*K45+M60*K46 -> 1.2033363 | D67: =J60*L43+K60*L44+L60*L45+M60*L46 -> 1
B68: saß | C68: =J61*K43+K61*K44+L61*K45+M61*K46 -> 2 | D68: =J61*L43+K61*L44+L61*L45+M61*L46 -> -1.0834536
B70: Out[Katze, d1] | C70: =IF(ROUND(J60,3)<0,"("&ROUND(J60,3)&")",ROUND(J60,3)&"")&"×"&IF(ROUND(K43,3)<0,"("&ROUND(K43,3)&")",ROUND(K43,3)&"")&" + "&IF(ROUND(K60,3)<0,"("&ROUND(K60,3)&")",ROUND(K60,3)&"")&"×"&IF(ROUND(K44,3)<0,"("&ROUND(K44,3)&")",ROUND(K44,3)&"")&" + "&IF(ROUND(L60,3)<0,"("&ROUND(L60,3)&")",ROUND(L60,3)&"")&"×"&IF(ROUND(K45,3)<0,"("&ROUND(K45,3)&")",ROUND(K45,3)&"")&" + "&IF(ROUND(M60,3)<0,"("&ROUND(M60,3)&")",ROUND(M60,3)&"")&"×"&IF(ROUND(K46,3)<0,"("&ROUND(K46,3)&")",ROUND(K46,3)&"")&" = "&IF(ROUND(C67,3)<0,"("&ROUND(C67,3)&")",ROUND(C67,3)&"") -> 0.401×1 + 0.198×0 + 0.401×2 + 0×5 = 1.203
B71: Row '<s>' can only see itself, so its output is exactly V[<s>] = [1, 0]. Row 'Katze' blends <s>, Die and Katze — but never saß.
B72: TRY IT: Change V for 'saß' (the yellow [5, −5]) to anything. Only the LAST output row changes — proof that no earlier position can see the future.
B73: Check yourself
B74: Q1. Why not just feed the decoder one word at a time during training too?
B75: Answer: It would be sequential and slow. Masking lets all positions train in parallel while still being fair.
B76: Q2. What is e^(−∞)?
B77: Answer: 0 — so masked positions receive exactly zero attention weight.
B78: Q3. Does the ENCODER use a mask like this?
B79: Answer: No. The encoder sees the whole input sentence, so every word may attend to every word (padding masks aside).

Sheet 08 Multi-Head
B1: 08 · Multi-Head Attention — several attentions in parallel, each with its own 'lens'
B2: Paper: §3.2.2, Figure 2 (right), Table 3 rows (A) and (B)
B4: MultiHead(Q, K, V) = Concat(head₁, …, head_h) · W_O, where headᵢ = Attention(Q·W_Qᵢ, K·W_Kᵢ, V·W_Vᵢ)
B5: BIG IDEA: One attention can only produce one blend per word — it has to average everything it cares about. With h heads, each head projects the words into its own smaller space and attends independently (one might track grammar, another meaning, another the neighbouring word). The results are glued side by side and mixed by W_O.
B6: ANALOGY: A panel of 8 specialists reading the same sentence: a grammarian, a detective tracking who-did-what, a poet listening for tone… Each writes a short note; the notes are stapled together and an editor (W_O) combines them into one report.
B7: Symbol | C7: What it means in plain English | L7: Value in the paper
B8: h | C8: Number of heads | L8: 8 (base), 16 (big)
B9: d_k = d_v | C9: Size of each head's queries/keys/values = d_model / h | L9: 512 / 8 = 64
B10: W_Qᵢ, W_Kᵢ | C10: Head i's own projection matrices | L10: 512 × 64 each
B11: W_Vᵢ | C11: Head i's value projection | L11: 512 × 64
B12: Concat | C12: Place the h outputs side by side: h × d_v columns | L12: 8 × 64 = 512
B13: W_O | C13: Final mixing matrix | L13: 512 × 512
B14: Key point from the paper: 'Due to the reduced dimension of each head, the total computational cost is similar to that of single-head attention with full dimensionality.' 8 heads × 64 dims costs about the same as 1 head × 512.
B16: Example 1 (simplest possible real case): 'the cat sat', d_model = 4, h = 2 heads, d_k = d_v = 2
B17: X is live from sheet 04. Each head gets its own 4 × 2 weight matrices (here: head 1 uses the first two columns of sheet 05's matrices, head 2 the last two). Everything else is exactly sheet 06's recipe, done twice.
B18: X (from sheet 04)
C19: dim 1 | D19: dim 2 | E19: dim 3 | F19: dim 4
B20: ='03 Embeddings'!$B$36 -> the | C20: ='04 Positional Enc'!$C$45 -> 1 | D20: ='04 Positional Enc'!$D$45 -> 0.6 | E20: ='04 Positional Enc'!$E$45 -> 0.2 | F20: ='04 Positional Enc'!$F$45 -> 1
B21: ='03 Embeddings'!$B$37 -> cat | C21: ='04 Positional Enc'!$C$46 -> 0.24147098 | D21: ='04 Positional Enc'!$D$46 -> 2.1403023 | E21: ='04 Positional Enc'!$E$46 -> 0.80999983 | F21: ='04 Positional Enc'!$F$46 -> 0.79995
B22: ='03 Embeddings'!$B$38 -> sat | C22: ='04 Positional Enc'!$C$47 -> 1.3092974 | D22: ='04 Positional Enc'!$D$47 -> -0.21614684 | E22: ='04 Positional Enc'!$E$47 -> -1.1800013 | F22: ='04 Positional Enc'!$F$47 -> 1.9998
B24: d_k per head | C24: 2 | D24: d_model / h = 4 / 2
B25: Head 1
B26: W_Q1 (4×2) | F26: W_K1 (4×2) | J26: W_V1 (4×2)
C27: a | D27: b | G27: a | H27: b | K27: a | L27: b
B28: dim 1 | C28: ='05 Query-Key-Value'!$C$68 -> 1 | D28: ='05 Query-Key-Value'!$D$68 -> 0 | F28: dim 1 | G28: ='05 Query-Key-Value'!$I$68 -> 1 | H28: ='05 Query-Key-Value'!$J$68 -> 0 | J28: dim 1 | K28: ='05 Query-Key-Value'!$C$75 -> 0.5 | L28: ='05 Query-Key-Value'!$D$75 -> 0
B29: dim 2 | C29: ='05 Query-Key-Value'!$C$69 -> 0 | D29: ='05 Query-Key-Value'!$D$69 -> 1 | F29: dim 2 | G29: ='05 Query-Key-Value'!$I$69 -> 0 | H29: ='05 Query-Key-Value'!$J$69 -> 1 | J29: dim 2 | K29: ='05 Query-Key-Value'!$C$76 -> 0 | L29: ='05 Query-Key-Value'!$D$76 -> 1
B30: dim 3 | C30: ='05 Query-Key-Value'!$C$70 -> 1 | D30: ='05 Query-Key-Value'!$D$70 -> 0 | F30: dim 3 | G30: ='05 Query-Key-Value'!$I$70 -> 0 | H30: ='05 Query-Key-Value'!$J$70 -> 1 | J30: dim 3 | K30: ='05 Query-Key-Value'!$C$77 -> 0 | L30: ='05 Query-Key-Value'!$D$77 -> 0
B31: dim 4 | C31: ='05 Query-Key-Value'!$C$71 -> 0 | D31: ='05 Query-Key-Value'!$D$71 -> -1 | F31: dim 4 | G31: ='05 Query-Key-Value'!$I$71 -> 1 | H31: ='05 Query-Key-Value'!$J$71 -> 0 | J31: dim 4 | K31: ='05 Query-Key-Value'!$C$78 -> 0.5 | L31: ='05 Query-Key-Value'!$D$78 -> 0
B33: Q1 = X·W_Q1 | F33: K1 = X·W_K1 | J33: V1 = X·W_V1
C34: a | D34: b | G34: a | H34: b | K34: a | L34: b
B35: ='03 Embeddings'!$B$36 -> the | C35: =C20*C28+D20*C29+E20*C30+F20*C31 -> 1.2 | D35: =C20*D28+D20*D29+E20*D30+F20*D31 -> -0.4 | F35: ='03 Embeddings'!$B$36 -> the | G35: =C20*G28+D20*G29+E20*G30+F20*G31 -> 2 | H35: =C20*H28+D20*H29+E20*H30+F20*H31 -> 0.8 | J35: ='03 Embeddings'!$B$36 -> the | K35: =C20*K28+D20*K29+E20*K30+F20*K31 -> 1 | L35: =C20*L28+D20*L29+E20*L30+F20*L31 -> 0.6
B36: ='03 Embeddings'!$B$37 -> cat | C36: =C21*C28+D21*C29+E21*C30+F21*C31 -> 1.0514708 | D36: =C21*D28+D21*D29+E21*D30+F21*D31 -> 1.3403523 | F36: ='03 Embeddings'!$B$37 -> cat | G36: =C21*G28+D21*G29+E21*G30+F21*G31 -> 1.041421 | H36: =C21*H28+D21*H29+E21*H30+F21*H31 -> 2.9503021 | J36: ='03 Embeddings'!$B$37 -> cat | K36: =C21*K28+D21*K29+E21*K30+F21*K31 -> 0.52071049 | L36: =C21*L28+D21*L29+E21*L30+F21*L31 -> 2.1403023
B37: ='03 Embeddings'!$B$38 -> sat | C37: =C22*C28+D22*C29+E22*C30+F22*C31 -> 0.12929609 | D37: =C22*D28+D22*D29+E22*D30+F22*D31 -> -2.2159468 | F37: ='03 Embeddings'!$B$38 -> sat | G37: =C22*G28+D22*G29+E22*G30+F22*G31 -> 3.3090974 | H37: =C22*H28+D22*H29+E22*H30+F22*H31 -> -1.3961482 | J37: ='03 Embeddings'!$B$38 -> sat | K37: =C22*K28+D22*K29+E22*K30+F22*K31 -> 1.6545487 | L37: =C22*L28+D22*L29+E22*L30+F22*L31 -> -0.21614684
B39: Scores ÷ √d_k (head 1)
C40: ='03 Embeddings'!$B$36 -> the | D40: ='03 Embeddings'!$B$37 -> cat | E40: ='03 Embeddings'!$B$38 -> sat
B41: ='03 Embeddings'!$B$36 -> the | C41: =(C35*G35+D35*H35)/SQRT(C24) -> 1.4707821 | D41: =(C35*G36+D35*H36)/SQRT(C24) -> 0.049203549 | E41: =(C35*G37+D35*H37)/SQRT(C24) -> 3.2027526
B42: ='03 Embeddings'!$B$37 -> cat | C42: =(C36*G35+D36*H35)/SQRT(C24) -> 2.2452221 | D42: =(C36*G36+D36*H36)/SQRT(C24) -> 3.5705131 | E42: =(C36*G37+D36*H37)/SQRT(C24) -> 1.1370906
B43: ='03 Embeddings'!$B$38 -> sat | C43: =(C37*G35+D37*H35)/SQRT(C24) -> -1.0706765 | D43: =(C37*G36+D37*H36)/SQRT(C24) -> -4.5276479 | E43: =(C37*G37+D37*H37)/SQRT(C24) -> 2.490178
B45: exp(score) | H45: Head 1 weights
C46: ='03 Embeddings'!$B$36 -> the | D46: ='03 Embeddings'!$B$37 -> cat | E46: ='03 Embeddings'!$B$38 -> sat | F46: row total | I46: ='03 Embeddings'!$B$36 -> the | J46: ='03 Embeddings'!$B$37 -> cat | K46: ='03 Embeddings'!$B$38 -> sat
B47: ='03 Embeddings'!$B$36 -> the | C47: =EXP(C41) -> 4.352638 | D47: =EXP(D41) -> 1.0504341 | E47: =EXP(E41) -> 24.600152 | F47: =SUM(C47:E47) -> 30.003224 | H47: ='03 Embeddings'!$B$36 -> the | I47: =C47/F47 -> 0.14507234 | J47: =D47/F47 -> 0.035010709 | K47: =E47/F47 -> 0.81991695
B48: ='03 Embeddings'!$B$37 -> cat | C48: =EXP(C42) -> 9.4425121 | D48: =EXP(D42) -> 35.534821 | E48: =EXP(E42) -> 3.1176846 | F48: =SUM(C48:E48) -> 48.095018 | H48: ='03 Embeddings'!$B$37 -> cat | I48: =C48/F48 -> 0.19633036 | J48: =D48/F48 -> 0.7388462 | K48: =E48/F48 -> 0.064823442
B49: ='03 Embeddings'!$B$38 -> sat | C49: =EXP(C43) -> 0.34277654 | D49: =EXP(D43) -> 0.010806063 | E49: =EXP(E43) -> 12.063423 | F49: =SUM(C49:E49) -> 12.417006 | H49: ='03 Embeddings'!$B$38 -> sat | I49: =C49/F49 -> 0.02760541 | J49: =D49/F49 -> 0.00087026321 | K49: =E49/F49 -> 0.97152433
B51: head1 = A·V1
C52: a | D52: b
B53: ='03 Embeddings'!$B$36 -> the | C53: =I47*K35+J47*K36+K47*K37 -> 1.5198953 | D53: =I47*L35+J47*L36+K47*L37 -> -0.015245547
B54: ='03 Embeddings'!$B$37 -> cat | C54: =I48*K35+J48*K36+K48*K37 -> 0.68830887 | D54: =I48*L35+J48*L36+K48*L37 -> 1.6851411
B55: ='03 Embeddings'!$B$38 -> sat | C55: =I49*K35+J49*K36+K49*K37 -> 1.6354929 | D55: =I49*L35+J49*L36+K49*L37 -> -0.19156604
B57: head1[cat, a] | C57: =IF(ROUND(I48,3)<0,"("&ROUND(I48,3)&")",ROUND(I48,3)&"")&"×"&IF(ROUND(K35,3)<0,"("&ROUND(K35,3)&")",ROUND(K35,3)&"")&" + "&IF(ROUND(J48,3)<0,"("&ROUND(J48,3)&")",ROUND(J48,3)&"")&"×"&IF(ROUND(K36,3)<0,"("&ROUND(K36,3)&")",ROUND(K36,3)&"")&" + "&IF(ROUND(K48,3)<0,"("&ROUND(K48,3)&")",ROUND(K48,3)&"")&"×"&IF(ROUND(K37,3)<0,"("&ROUND(K37,3)&")",ROUND(K37,3)&"")&" = "&IF(ROUND(C54,3)<0,"("&ROUND(C54,3)&")",ROUND(C54,3)&"") -> 0.196×1 + 0.739×0.521 + 0.065×1.655 = 0.688
B58: Head 2
B59: W_Q2 (4×2) | F59: W_K2 (4×2) | J59: W_V2 (4×2)
C60: a | D60: b | G60: a | H60: b | K60: a | L60: b
B61: dim 1 | C61: ='05 Query-Key-Value'!$E$68 -> 1 | D61: ='05 Query-Key-Value'!$F$68 -> 0 | F61: dim 1 | G61: ='05 Query-Key-Value'!$K$68 -> 0 | H61: ='05 Query-Key-Value'!$L$68 -> 1 | J61: dim 1 | K61: ='05 Query-Key-Value'!$E$75 -> 0.5 | L61: ='05 Query-Key-Value'!$F$75 -> 0
B62: dim 2 | C62: ='05 Query-Key-Value'!$E$69 -> 0 | D62: ='05 Query-Key-Value'!$F$69 -> -1 | F62: dim 2 | G62: ='05 Query-Key-Value'!$K$69 -> 1 | H62: ='05 Query-Key-Value'!$L$69 -> 0 | J62: dim 2 | K62: ='05 Query-Key-Value'!$E$76 -> 0 | L62: ='05 Query-Key-Value'!$F$76 -> 0
B63: dim 3 | C63: ='05 Query-Key-Value'!$E$70 -> -1 | D63: ='05 Query-Key-Value'!$F$70 -> 0 | F63: dim 3 | G63: ='05 Query-Key-Value'!$K$70 -> -1 | H63: ='05 Query-Key-Value'!$L$70 -> 0 | J63: dim 3 | K63: ='05 Query-Key-Value'!$E$77 -> 1 | L63: ='05 Query-Key-Value'!$F$77 -> 0
B64: dim 4 | C64: ='05 Query-Key-Value'!$E$71 -> 0 | D64: ='05 Query-Key-Value'!$F$71 -> 1 | F64: dim 4 | G64: ='05 Query-Key-Value'!$K$71 -> 0 | H64: ='05 Query-Key-Value'!$L$71 -> -1 | J64: dim 4 | K64: ='05 Query-Key-Value'!$E$78 -> 0 | L64: ='05 Query-Key-Value'!$F$78 -> 0.5
B66: Q2 = X·W_Q2 | F66: K2 = X·W_K2 | J66: V2 = X·W_V2
C67: a | D67: b | G67: a | H67: b | K67: a | L67: b
B68: ='03 Embeddings'!$B$36 -> the | C68: =C20*C61+D20*C62+E20*C63+F20*C64 -> 0.8 | D68: =C20*D61+D20*D62+E20*D63+F20*D64 -> 0.4 | F68: ='03 Embeddings'!$B$36 -> the | G68: =C20*G61+D20*G62+E20*G63+F20*G64 -> 0.4 | H68: =C20*H61+D20*H62+E20*H63+F20*H64 -> 0 | J68: ='03 Embeddings'!$B$36 -> the | K68: =C20*K61+D20*K62+E20*K63+F20*K64 -> 0.7 | L68: =C20*L61+D20*L62+E20*L63+F20*L64 -> 0.5
B69: ='03 Embeddings'!$B$37 -> cat | C69: =C21*C61+D21*C62+E21*C63+F21*C64 -> -0.56852885 | D69: =C21*D61+D21*D62+E21*D63+F21*D64 -> -1.3403523 | F69: ='03 Embeddings'!$B$37 -> cat | G69: =C21*G61+D21*G62+E21*G63+F21*G64 -> 1.3303025 | H69: =C21*H61+D21*H62+E21*H63+F21*H64 -> -0.55847902 | J69: ='03 Embeddings'!$B$37 -> cat | K69: =C21*K61+D21*K62+E21*K63+F21*K64 -> 0.93073533 | L69: =C21*L61+D21*L62+E21*L63+F21*L64 -> 0.399975
B70: ='03 Embeddings'!$B$38 -> sat | C70: =C22*C61+D22*C62+E22*C63+F22*C64 -> 2.4892988 | D70: =C22*D61+D22*D62+E22*D63+F22*D64 -> 2.2159468 | F70: ='03 Embeddings'!$B$38 -> sat | G70: =C22*G61+D22*G62+E22*G63+F22*G64 -> 0.9638545 | H70: =C22*H61+D22*H62+E22*H63+F22*H64 -> -0.69050258 | J70: ='03 Embeddings'!$B$38 -> sat | K70: =C22*K61+D22*K62+E22*K63+F22*K64 -> -0.52535262 | L70: =C22*L61+D22*L62+E22*L63+F22*L64 -> 0.9999
B72: Scores ÷ √d_k (head 2)
C73: ='03 Embeddings'!$B$36 -> the | D73: ='03 Embeddings'!$B$37 -> cat | E73: ='03 Embeddings'!$B$38 -> sat
B74: ='03 Embeddings'!$B$36 -> the | C74: =(C68*G68+D68*H68)/SQRT(C24) -> 0.22627417 | D74: =(C68*G69+D68*H69)/SQRT(C24) -> 0.594571 | E74: =(C68*G70+D68*H70)/SQRT(C24) -> 0.34993482
B75: ='03 Embeddings'!$B$37 -> cat | C75: =(C69*G68+D69*H68)/SQRT(C24) -> -0.16080424 | D75: =(C69*G69+D69*H69)/SQRT(C24) -> -0.0054848129 | E75: =(C69*G70+D69*H70)/SQRT(C24) -> 0.26695942
B76: ='03 Embeddings'!$B$38 -> sat | C76: =(C70*G68+D70*H68)/SQRT(C24) -> 0.70408001 | D76: =(C70*G69+D70*H69)/SQRT(C24) -> 1.4665115 | E76: =(C70*G70+D70*H70)/SQRT(C24) -> 0.6146206
B78: exp(score) | H78: Head 2 weights
C79: ='03 Embeddings'!$B$36 -> the | D79: ='03 Embeddings'!$B$37 -> cat | E79: ='03 Embeddings'!$B$38 -> sat | F79: row total | I79: ='03 Embeddings'!$B$36 -> the | J79: ='03 Embeddings'!$B$37 -> cat | K79: ='03 Embeddings'!$B$38 -> sat
B80: ='03 Embeddings'!$B$36 -> the | C80: =EXP(C74) -> 1.2539194 | D80: =EXP(D74) -> 1.8122533 | E80: =EXP(E74) -> 1.4189751 | F80: =SUM(C80:E80) -> 4.4851478 | H80: ='03 Embeddings'!$B$36 -> the | I80: =C80/F80 -> 0.27957148 | J80: =D80/F80 -> 0.40405655 | K80: =E80/F80 -> 0.31637197
B81: ='03 Embeddings'!$B$37 -> cat | C81: =EXP(C75) -> 0.85145873 | D81: =EXP(D75) -> 0.9945302 | E81: =EXP(E75) -> 1.3059875 | F81: =SUM(C81:E81) -> 3.1519764 | H81: ='03 Embeddings'!$B$37 -> cat | I81: =C81/F81 -> 0.27013487 | J81: =D81/F81 -> 0.3155259 | K81: =E81/F81 -> 0.41433922
B82: ='03 Embeddings'!$B$38 -> sat | C82: =EXP(C76) -> 2.0219856 | D82: =EXP(D76) -> 4.3340894 | E82: =EXP(E76) -> 1.848955 | F82: =SUM(C82:E82) -> 8.20503 | H82: ='03 Embeddings'!$B$38 -> sat | I82: =C82/F82 -> 0.24643245 | J82: =D82/F82 -> 0.52822347 | K82: =E82/F82 -> 0.22534409
B84: head2 = A·V2
C85: a | D85: b
B86: ='03 Embeddings'!$B$36 -> the | C86: =I80*K68+J80*K69+K80*K70 -> 0.40556289 | D86: =I80*L68+J80*L69+K80*L70 -> 0.61773859
B87: ='03 Embeddings'!$B$37 -> cat | C87: =I81*K68+J81*K69+K81*K70 -> 0.26509132 | D87: =I81*L68+J81*L69+K81*L70 -> 0.6755677
B88: ='03 Embeddings'!$B$38 -> sat | C88: =I82*K68+J82*K69+K82*K70 -> 0.54575385 | D88: =I82*L68+J82*L69+K82*L70 -> 0.55981396
B90: head2[cat, a] | C90: =IF(ROUND(I81,3)<0,"("&ROUND(I81,3)&")",ROUND(I81,3)&"")&"×"&IF(ROUND(K68,3)<0,"("&ROUND(K68,3)&")",ROUND(K68,3)&"")&" + "&IF(ROUND(J81,3)<0,"("&ROUND(J81,3)&")",ROUND(J81,3)&"")&"×"&IF(ROUND(K69,3)<0,"("&ROUND(K69,3)&")",ROUND(K69,3)&"")&" + "&IF(ROUND(K81,3)<0,"("&ROUND(K81,3)&")",ROUND(K81,3)&"")&"×"&IF(ROUND(K70,3)<0,"("&ROUND(K70,3)&")",ROUND(K70,3)&"")&" = "&IF(ROUND(C87,3)<0,"("&ROUND(C87,3)&")",ROUND(C87,3)&"") -> 0.27×0.7 + 0.316×0.931 + 0.414×(-0.525) = 0.265
B91: Compare the two heat-maps: the two heads distribute attention DIFFERENTLY over the same sentence. That diversity is the whole point of multiple heads.
B92: Concatenate and mix with W_O
B93: Concat(head1, head2) | H93: W_O (4 × 4)
C94: h1.a | D94: h1.b | E94: h2.a | F94: h2.b | I94: dim 1 | J94: dim 2 | K94: dim 3 | L94: dim 4
B95: ='03 Embeddings'!$B$36 -> the | C95: =C53 -> 1.5198953 | D95: =D53 -> -0.015245547 | E95: =C86 -> 0.40556289 | F95: =D86 -> 0.61773859 | H95: h1.a | I95: 1 | J95: 0 | K95: 0 | L95: 0.5
B96: ='03 Embeddings'!$B$37 -> cat | C96: =C54 -> 0.68830887 | D96: =D54 -> 1.6851411 | E96: =C87 -> 0.26509132 | F96: =D87 -> 0.6755677 | H96: h1.b | I96: 0 | J96: 1 | K96: 0.5 | L96: 0
B97: ='03 Embeddings'!$B$38 -> sat | C97: =C55 -> 1.6354929 | D97: =D55 -> -0.19156604 | E97: =C88 -> 0.54575385 | F97: =D88 -> 0.55981396 | H97: h2.a | I97: 0 | J97: 0 | K97: 1 | L97: 0
H98: h2.b | I98: 0.5 | J98: 0 | K98: 0 | L98: 1
B100: MultiHead output = Concat · W_O
C101: dim 1 | D101: dim 2 | E101: dim 3 | F101: dim 4
B102: ='03 Embeddings'!$B$36 -> the | C102: =C95*I95+D95*I96+E95*I97+F95*I98 -> 1.8287646 | D102: =C95*J95+D95*J96+E95*J97+F95*J98 -> -0.015245547 | E102: =C95*K95+D95*K96+E95*K97+F95*K98 -> 0.39794012 | F102: =C95*L95+D95*L96+E95*L97+F95*L98 -> 1.3776863
B103: ='03 Embeddings'!$B$37 -> cat | C103: =C96*I95+D96*I96+E96*I97+F96*I98 -> 1.0260927 | D103: =C96*J95+D96*J96+E96*J97+F96*J98 -> 1.6851411 | E103: =C96*K95+D96*K96+E96*K97+F96*K98 -> 1.1076618 | F103: =C96*L95+D96*L96+E96*L97+F96*L98 -> 1.0197221
B104: ='03 Embeddings'!$B$38 -> sat | C104: =C97*I95+D97*I96+E97*I97+F97*I98 -> 1.9153999 | D104: =C97*J95+D97*J96+E97*J97+F97*J98 -> -0.19156604 | E104: =C97*K95+D97*K96+E97*K97+F97*K98 -> 0.44997083 | F104: =C97*L95+D97*L96+E97*L97+F97*L98 -> 1.3775604
B106: Out[cat, dim 1] | C106: =IF(ROUND(C96,3)<0,"("&ROUND(C96,3)&")",ROUND(C96,3)&"")&"×"&IF(ROUND(I95,3)<0,"("&ROUND(I95,3)&")",ROUND(I95,3)&"")&" + "&IF(ROUND(D96,3)<0,"("&ROUND(D96,3)&")",ROUND(D96,3)&"")&"×"&IF(ROUND(I96,3)<0,"("&ROUND(I96,3)&")",ROUND(I96,3)&"")&" + "&IF(ROUND(E96,3)<0,"("&ROUND(E96,3)&")",ROUND(E96,3)&"")&"×"&IF(ROUND(I97,3)<0,"("&ROUND(I97,3)&")",ROUND(I97,3)&"")&" + "&IF(ROUND(F96,3)<0,"("&ROUND(F96,3)&")",ROUND(F96,3)&"")&"×"&IF(ROUND(I98,3)<0,"("&ROUND(I98,3)&")",ROUND(I98,3)&"")&" = "&IF(ROUND(C103,3)<0,"("&ROUND(C103,3)&")",ROUND(C103,3)&"") -> 0.688×1 + 1.685×0 + 0.265×0 + 0.676×0.5 = 1.026
B107: Out[cat, dim 2] | C107: =IF(ROUND(C96,3)<0,"("&ROUND(C96,3)&")",ROUND(C96,3)&"")&"×"&IF(ROUND(J95,3)<0,"("&ROUND(J95,3)&")",ROUND(J95,3)&"")&" + "&IF(ROUND(D96,3)<0,"("&ROUND(D96,3)&")",ROUND(D96,3)&"")&"×"&IF(ROUND(J96,3)<0,"("&ROUND(J96,3)&")",ROUND(J96,3)&"")&" + "&IF(ROUND(E96,3)<0,"("&ROUND(E96,3)&")",ROUND(E96,3)&"")&"×"&IF(ROUND(J97,3)<0,"("&ROUND(J97,3)&")",ROUND(J97,3)&"")&" + "&IF(ROUND(F96,3)<0,"("&ROUND(F96,3)&")",ROUND(F96,3)&"")&"×"&IF(ROUND(J98,3)<0,"("&ROUND(J98,3)&")",ROUND(J98,3)&"")&" = "&IF(ROUND(D103,3)<0,"("&ROUND(D103,3)&")",ROUND(D103,3)&"") -> 0.688×0 + 1.685×1 + 0.265×0 + 0.676×0 = 1.685
B108: Out[cat, dim 3] | C108: =IF(ROUND(C96,3)<0,"("&ROUND(C96,3)&")",ROUND(C96,3)&"")&"×"&IF(ROUND(K95,3)<0,"("&ROUND(K95,3)&")",ROUND(K95,3)&"")&" + "&IF(ROUND(D96,3)<0,"("&ROUND(D96,3)&")",ROUND(D96,3)&"")&"×"&IF(ROUND(K96,3)<0,"("&ROUND(K96,3)&")",ROUND(K96,3)&"")&" + "&IF(ROUND(E96,3)<0,"("&ROUND(E96,3)&")",ROUND(E96,3)&"")&"×"&IF(ROUND(K97,3)<0,"("&ROUND(K97,3)&")",ROUND(K97,3)&"")&" + "&IF(ROUND(F96,3)<0,"("&ROUND(F96,3)&")",ROUND(F96,3)&"")&"×"&IF(ROUND(K98,3)<0,"("&ROUND(K98,3)&")",ROUND(K98,3)&"")&" = "&IF(ROUND(E103,3)<0,"("&ROUND(E103,3)&")",ROUND(E103,3)&"") -> 0.688×0 + 1.685×0.5 + 0.265×1 + 0.676×0 = 1.108
B109: Out[cat, dim 4] | C109: =IF(ROUND(C96,3)<0,"("&ROUND(C96,3)&")",ROUND(C96,3)&"")&"×"&IF(ROUND(L95,3)<0,"("&ROUND(L95,3)&")",ROUND(L95,3)&"")&" + "&IF(ROUND(D96,3)<0,"("&ROUND(D96,3)&")",ROUND(D96,3)&"")&"×"&IF(ROUND(L96,3)<0,"("&ROUND(L96,3)&")",ROUND(L96,3)&"")&" + "&IF(ROUND(E96,3)<0,"("&ROUND(E96,3)&")",ROUND(E96,3)&"")&"×"&IF(ROUND(L97,3)<0,"("&ROUND(L97,3)&")",ROUND(L97,3)&"")&" + "&IF(ROUND(F96,3)<0,"("&ROUND(F96,3)&")",ROUND(F96,3)&"")&"×"&IF(ROUND(L98,3)<0,"("&ROUND(L98,3)&")",ROUND(L98,3)&"")&" = "&IF(ROUND(F103,3)<0,"("&ROUND(F103,3)&")",ROUND(F103,3)&"") -> 0.688×0.5 + 1.685×0 + 0.265×0 + 0.676×1 = 1.02
B110: Shape check: 3 words × (2 heads × 2) = 3 × 4, back to d_model — so the result can be added to X in the residual connection (sheet 10). This output feeds sheet 10.
B112: Example 2 (moderate): the real base model — parameters and cost
B113: d_model | C113: 512
B114: h (heads) | C114: 8
B115: n (words) | C115: 30 | D115: a typical sentence length for the cost comparison
B116: d_k = d_v = d_model / h | C116: =C113/C114 -> 64
...

Sheet 09 Three Attentions
B1: 09 · The Three Uses of Attention in the Transformer
B2: Paper: §3.2.3 Applications of Attention in our Model
B4: BIG IDEA: The same attention machine is used in three places. What changes is only WHERE the queries, keys and values come from, and whether a mask is applied.
B5: Type | D5: Where | F5: Queries from | H5: Keys & values from | J5: Mask? | K5: Question it answers
B6: Encoder self-attention | D6: every encoder layer | F6: encoder (previous layer) | H6: encoder (same place) | J6: no | K6: 'Which input words help me understand this input word?'
B7: Masked decoder self-attention | D7: every decoder layer (1st sub-layer) | F7: decoder | H7: decoder | J7: yes (causal) | K7: 'Which of the words I've already written matter now?'
B8: Encoder–decoder (cross) attention | D8: every decoder layer (2nd sub-layer) | F8: decoder (previous layer) | H8: ENCODER OUTPUT (the 'memory') | J8: no | K8: 'Which input words should I translate right now?'
B9: §3.2.3: in encoder-decoder attention 'the queries come from the previous decoder layer, and the memory keys and values come from the output of the encoder. This allows every position in the decoder to attend over all positions in the input sequence.'
B10: ANALOGY: Encoder self-attention = students discussing the English text among themselves. Masked self-attention = the writer re-reading their own half-written German sentence. Cross-attention = the writer glancing back at the English original to decide the next word.
B12: Example 1 (simplest): cross-attention — the decoder is about to write 'Katze'
B13: Encoder memory for 'the cat sat' (2 numbers per word, made up). The decoder's current query comes from the German side. For simplicity we use the memory directly as keys AND values; in the real model each is first multiplied by its own W_K / W_V.
B14: Encoder memory (keys = values) | F14: Decoder query ('Katze' slot)
C15: m1 | D15: m2 | G15: m1 | H15: m2
B16: the | C16: 0 | D16: 1 | F16: query | G16: 2 | H16: 0
B17: cat | C17: 2 | D17: 0
B18: sat | C18: 1 | D18: 2
B20: d_k | C20: 2
B21: Score ÷ √d_k | E21: e^score | H21: Weight
C22: score | F22: e^s | I22: weight
B23: the | C23: =(G16*C16+H16*D16)/SQRT(C20) -> 0 | E23: the | F23: =EXP(C23) -> 1 | H23: the | I23: =F23/SUM(F23:F25) -> 0.045388363
B24: cat | C24: =(G16*C17+H16*D17)/SQRT(C20) -> 2.8284271 | E24: cat | F24: =EXP(C24) -> 16.918829 | H24: cat | I24: =F24/SUM(F23:F25) -> 0.76791794
B25: sat | C25: =(G16*C18+H16*D18)/SQRT(C20) -> 1.4142136 | E25: sat | F25: =EXP(C25) -> 4.1132504 | H25: sat | I25: =F25/SUM(F23:F25) -> 0.1866937
B27: score the | C27: ="(q·k) ÷ √d_k: "&IF(ROUND(G16,3)<0,"("&ROUND(G16,3)&")",ROUND(G16,3)&"")&"×"&IF(ROUND(C16,3)<0,"("&ROUND(C16,3)&")",ROUND(C16,3)&"")&" + "&IF(ROUND(H16,3)<0,"("&ROUND(H16,3)&")",ROUND(H16,3)&"")&"×"&IF(ROUND(D16,3)<0,"("&ROUND(D16,3)&")",ROUND(D16,3)&"")&" then ÷ √"&C20&" = "&IF(ROUND(C23,3)<0,"("&ROUND(C23,3)&")",ROUND(C23,3)&"") -> (q·k) ÷ √d_k: 2×0 + 0×1 then ÷ √2 = 0
B28: score cat | C28: ="(q·k) ÷ √d_k: "&IF(ROUND(G16,3)<0,"("&ROUND(G16,3)&")",ROUND(G16,3)&"")&"×"&IF(ROUND(C17,3)<0,"("&ROUND(C17,3)&")",ROUND(C17,3)&"")&" + "&IF(ROUND(H16,3)<0,"("&ROUND(H16,3)&")",ROUND(H16,3)&"")&"×"&IF(ROUND(D17,3)<0,"("&ROUND(D17,3)&")",ROUND(D17,3)&"")&" then ÷ √"&C20&" = "&IF(ROUND(C24,3)<0,"("&ROUND(C24,3)&")",ROUND(C24,3)&"") -> (q·k) ÷ √d_k: 2×2 + 0×0 then ÷ √2 = 2.828
B29: score sat | C29: ="(q·k) ÷ √d_k: "&IF(ROUND(G16,3)<0,"("&ROUND(G16,3)&")",ROUND(G16,3)&"")&"×"&IF(ROUND(C18,3)<0,"("&ROUND(C18,3)&")",ROUND(C18,3)&"")&" + "&IF(ROUND(H16,3)<0,"("&ROUND(H16,3)&")",ROUND(H16,3)&"")&"×"&IF(ROUND(D18,3)<0,"("&ROUND(D18,3)&")",ROUND(D18,3)&"")&" then ÷ √"&C20&" = "&IF(ROUND(C25,3)<0,"("&ROUND(C25,3)&")",ROUND(C25,3)&"") -> (q·k) ÷ √d_k: 2×1 + 0×2 then ÷ √2 = 1.414
B30: Context vector = Σ weight × memory
C31: m1 | D31: m2
C32: =I23*C16+I24*C17+I25*C18 -> 1.7225296 | D32: =I23*D16+I24*D17+I25*D18 -> 0.41877576
B34: The decoder 'looks' mostly at 'cat' — exactly the English word it should be translating into 'Katze'. In real models these cross-attention maps often look like a soft word-alignment between the two languages.
B36: Example 2 (moderate): shapes and counts in the full base model
B37: n = input length (words) | C37: 5
B38: m = output length so far | C38: 4
B39: N = layers per stack | C39: 6
B40: h = heads | C40: 8
B41: Attention type | F41: Score matrix shape | H41: Entries per head | J41: Blocks in the model | L41: Heads in the model
B42: Encoder self-attention | F42: =C37&" × "&C37 -> 5 × 5 | H42: =C37*C37 -> 25 | J42: =C39 -> 6 | L42: =C39*C40 -> 48
B43: Masked decoder self-attention | F43: =C38&" × "&C38 -> 4 × 4 | H43: =C38*C38 -> 16 | J43: =C39 -> 6 | L43: =C39*C40 -> 48
B44: Encoder–decoder attention | F44: =C38&" × "&C37 -> 4 × 5 | H44: =C38*C37 -> 20 | J44: =C39 -> 6 | L44: =C39*C40 -> 48
B45: TOTAL | J45: =3*C39 -> 18 | L45: =3*C39*C40 -> 144
B46: Note the cross-attention matrix is m × n — it need not be square, because the German and English sentences can have different lengths. The base model contains 18 attention blocks and 144 heads in total.
B47: Check yourself
B48: Q1. In cross-attention, which side supplies the keys and values?
B49: Answer: The encoder output (the input sentence).
B50: Q2. Which of the three attentions needs a causal mask?
B51: Answer: Only the decoder's self-attention.

Sheet 10 Add and Norm
B1: 10 · Add & Norm — residual connections and layer normalisation
B2: Paper: §3.1 ('LayerNorm(x + Sublayer(x))'), references [11] residual learning and [1] layer normalization
B4: output of every sub-layer = LayerNorm( x + Sublayer(x) )
B5: BIG IDEA: Two stabilisers wrapped around EVERY attention and feed-forward block. ADD (residual): keep the input and add the sub-layer's correction on top. NORM: rescale each word's vector to mean 0 and spread 1, so numbers never drift out of control across 6 + 6 layers.
B6: ANALOGY: Residual = editing a document with 'track changes': you keep the original text and add edits on top, rather than rewriting it from scratch each time. LayerNorm = re-centring and re-scaling a photo's brightness after each edit so it never ends up all white or all black.
B7: 1. The LayerNorm formula
B8: LN(v) = γ ⊙ (v − μ) / √(σ² + ε) + β μ = mean of v's entries, σ² = their variance
B9: Symbol | C9: What it means in plain English | L9: Value in the paper
B10: v | C10: One word's vector (d_model numbers) | L10: 512 numbers
B11: μ, σ² | C11: Mean and variance across THAT word's own numbers (not across words or sentences) | L11: computed
B12: ε | C12: Tiny number to avoid dividing by zero; the paper doesn't state it — 1e-6 is common | L12: not stated
B13: γ, β | C13: Learned per-dimension scale and shift (start at 1 and 0) | L13: learned
B14: Example 1 (simplest): one word, d_model = 4
B15: x (sub-layer input)
C16: dim 1 | D16: dim 2 | E16: dim 3 | F16: dim 4
C17: 1 | D17: 2 | E17: 3 | F17: 4
B18: Sublayer(x) (e.g. attention output)
C19: dim 1 | D19: dim 2 | E19: dim 3 | F19: dim 4
C20: 0.5 | D20: -1 | E20: 0 | F20: 2.5
B21: ADD | C21: Residual: add input and sub-layer output element by element.
B22: v = x + Sublayer(x)
C23: dim 1 | D23: dim 2 | E23: dim 3 | F23: dim 4
C24: =C17+C20 -> 1.5 | D24: =D17+D20 -> 1 | E24: =E17+E20 -> 3 | F24: =F17+F20 -> 6.5
B25: NORM | C25: Compute this word's mean and variance, then standardise.
B26: mean μ | C26: =AVERAGE(C24:F24) -> 3
B27: variance σ² | C27: =SUMPRODUCT((C24:F24-C26)^2)/4 -> 4.625 | D27: average squared distance from μ (divide by 4)
B28: ε | C28: 1e-06 | D28: assumed (the paper does not specify)
B29: √(σ² + ε) | C29: =SQRT(C27+C28) -> 2.1505815
B30: Show the work | C30: ="μ = ("&IF(ROUND(C24,3)<0,"("&ROUND(C24,3)&")",ROUND(C24,3)&"")&" + "&IF(ROUND(D24,3)<0,"("&ROUND(D24,3)&")",ROUND(D24,3)&"")&" + "&IF(ROUND(E24,3)<0,"("&ROUND(E24,3)&")",ROUND(E24,3)&"")&" + "&IF(ROUND(F24,3)<0,"("&ROUND(F24,3)&")",ROUND(F24,3)&"")&") ÷ 4 = "&IF(ROUND(C26,3)<0,"("&ROUND(C26,3)&")",ROUND(C26,3)&"")&"; σ² = "&IF(ROUND(C27,3)<0,"("&ROUND(C27,3)&")",ROUND(C27,3)&"")&"; √(σ²+ε) = "&IF(ROUND(C29,3)<0,"("&ROUND(C29,3)&")",ROUND(C29,3)&"") -> μ = (1.5 + 1 + 3 + 6.5) ÷ 4 = 3; σ² = 4.625; √(σ²+ε) = 2.151
B31: (v − μ) ÷ √(σ²+ε)
C32: dim 1 | D32: dim 2 | E32: dim 3 | F32: dim 4
C33: =(C24-C26)/C29 -> -0.69748576 | D33: =(D24-C26)/C29 -> -0.92998101 | E33: =(E24-C26)/C29 -> 0 | F33: =(F24-C26)/C29 -> 1.6274668
B34: γ (scale)
C35: dim 1 | D35: dim 2 | E35: dim 3 | F35: dim 4
C36: 1 | D36: 1 | E36: 1 | F36: 1
B37: β (shift)
C38: dim 1 | D38: dim 2 | E38: dim 3 | F38: dim 4
C39: 0 | D39: 0 | E39: 0 | F39: 0
B40: LayerNorm output
C41: dim 1 | D41: dim 2 | E41: dim 3 | F41: dim 4
C42: =C36*C33+C39 -> -0.69748576 | D42: =D36*D33+D39 -> -0.92998101 | E42: =E36*E33+E39 -> 0 | F42: =F36*F33+F39 -> 1.6274668
B43: dim 4 | C43: ="("&IF(ROUND(F24,3)<0,"("&ROUND(F24,3)&")",ROUND(F24,3)&"")&" − "&IF(ROUND(C26,3)<0,"("&ROUND(C26,3)&")",ROUND(C26,3)&"")&") ÷ "&IF(ROUND(C29,3)<0,"("&ROUND(C29,3)&")",ROUND(C29,3)&"")&" = "&IF(ROUND(F33,3)<0,"("&ROUND(F33,3)&")",ROUND(F33,3)&"")&"; × γ "&IF(ROUND(F36,3)<0,"("&ROUND(F36,3)&")",ROUND(F36,3)&"")&" + β "&IF(ROUND(F39,3)<0,"("&ROUND(F39,3)&")",ROUND(F39,3)&"")&" = "&IF(ROUND(F42,3)<0,"("&ROUND(F42,3)&")",ROUND(F42,3)&"") -> (6.5 − 3) ÷ 2.151 = 1.627; × γ 1 + β 0 = 1.627
B44: Check: mean of output | C44: =AVERAGE(C42:F42) -> 0 | D44: 0 (when γ=1, β=0)
B45: Check: variance | C45: =SUMPRODUCT((C42:F42-AVERAGE(C42:F42))^2)/4 -> 0.99999978 | D45: ≈ 1
B47: Example 2 (moderate): Add & Norm after multi-head attention for 'the cat sat'
B48: x = the encoder input X (sheet 04); Sublayer(x) = the multi-head attention output (sheet 08). Each word (row) is normalised on its own. This result feeds the feed-forward network on sheet 11.
B49: x = X (sheet 04) | H49: Sublayer(x) = MultiHead (sheet 08)
C50: dim 1 | D50: dim 2 | E50: dim 3 | F50: dim 4 | I50: dim 1 | J50: dim 2 | K50: dim 3 | L50: dim 4
B51: ='03 Embeddings'!$B$36 -> the | C51: ='04 Positional Enc'!$C$45 -> 1 | D51: ='04 Positional Enc'!$D$45 -> 0.6 | E51: ='04 Positional Enc'!$E$45 -> 0.2 | F51: ='04 Positional Enc'!$F$45 -> 1 | H51: ='03 Embeddings'!$B$36 -> the | I51: ='08 Multi-Head'!$C$102 -> 1.8287646 | J51: ='08 Multi-Head'!$D$102 -> -0.015245547 | K51: ='08 Multi-Head'!$E$102 -> 0.39794012 | L51: ='08 Multi-Head'!$F$102 -> 1.3776863
B52: ='03 Embeddings'!$B$37 -> cat | C52: ='04 Positional Enc'!$C$46 -> 0.24147098 | D52: ='04 Positional Enc'!$D$46 -> 2.1403023 | E52: ='04 Positional Enc'!$E$46 -> 0.80999983 | F52: ='04 Positional Enc'!$F$46 -> 0.79995 | H52: ='03 Embeddings'!$B$37 -> cat | I52: ='08 Multi-Head'!$C$103 -> 1.0260927 | J52: ='08 Multi-Head'!$D$103 -> 1.6851411 | K52: ='08 Multi-Head'!$E$103 -> 1.1076618 | L52: ='08 Multi-Head'!$F$103 -> 1.0197221
B53: ='03 Embeddings'!$B$38 -> sat | C53: ='04 Positional Enc'!$C$47 -> 1.3092974 | D53: ='04 Positional Enc'!$D$47 -> -0.21614684 | E53: ='04 Positional Enc'!$E$47 -> -1.1800013 | F53: ='04 Positional Enc'!$F$47 -> 1.9998 | H53: ='03 Embeddings'!$B$38 -> sat | I53: ='08 Multi-Head'!$C$104 -> 1.9153999 | J53: ='08 Multi-Head'!$D$104 -> -0.19156604 | K53: ='08 Multi-Head'!$E$104 -> 0.44997083 | L53: ='08 Multi-Head'!$F$104 -> 1.3775604
B55: v = x + Sublayer(x)
C56: dim 1 | D56: dim 2 | E56: dim 3 | F56: dim 4 | G56: mean μ | H56: √(σ²+ε)
B57: ='03 Embeddings'!$B$36 -> the | C57: =C51+I51 -> 2.8287646 | D57: =D51+J51 -> 0.58475445 | E57: =E51+K51 -> 0.59794012 | F57: =F51+L51 -> 2.3776863 | G57: =AVERAGE(C57:F57) -> 1.5972864 | H57: =SQRT(SUMPRODUCT((C57:F57-G57)^2)/4+C28) -> 1.0185137
B58: ='03 Embeddings'!$B$37 -> cat | C58: =C52+I52 -> 1.2675637 | D58: =D52+J52 -> 3.8254434 | E58: =E52+K52 -> 1.9176617 | F58: =F52+L52 -> 1.8196721 | G58: =AVERAGE(C58:F58) -> 2.2075852 | H58: =SQRT(SUMPRODUCT((C58:F58-G58)^2)/4+C28) -> 0.9663904
B59: ='03 Embeddings'!$B$38 -> sat | C59: =C53+I53 -> 3.2246973 | D59: =D53+J53 -> -0.40771287 | E59: =E53+K53 -> -0.7300305 | F59: =F53+L53 -> 3.3773604 | G59: =AVERAGE(C59:F59) -> 1.3660786 | H59: =SQRT(SUMPRODUCT((C59:F59-G59)^2)/4+C28) -> 1.9390546
B61: LayerNorm(x + MultiHead(x)) (γ = 1, β = 0)
C62: dim 1 | D62: dim 2 | E62: dim 3 | F62: dim 4
B63: ='03 Embeddings'!$B$36 -> the | C63: =(C57-G57)/H57 -> 1.2090935 | D63: =(D57-G57)/H57 -> -0.99412696 | E63: =(E57-G57)/H57 -> -0.98118097 | F63: =(F57-G57)/H57 -> 0.76621444
B64: ='03 Embeddings'!$B$37 -> cat | C64: =(C58-G58)/H58 -> -0.97271404 | D64: =(D58-G58)/H58 -> 1.6741248 | E64: =(E58-G58)/H58 -> -0.30000664 | F64: =(F58-G58)/H58 -> -0.40140412
B65: ='03 Embeddings'!$B$38 -> sat | C65: =(C59-G59)/H59 -> 0.95851797 | D65: =(D59-G59)/H59 -> -0.91477126 | E65: =(E59-G59)/H59 -> -1.0809954 | F65: =(F59-G59)/H59 -> 1.0372487
B67: cat, dim 1 | C67: ="("&IF(ROUND(C58,3)<0,"("&ROUND(C58,3)&")",ROUND(C58,3)&"")&" − "&IF(ROUND(G58,3)<0,"("&ROUND(G58,3)&")",ROUND(G58,3)&"")&") ÷ "&IF(ROUND(H58,3)<0,"("&ROUND(H58,3)&")",ROUND(H58,3)&"")&" = "&IF(ROUND(C64,3)<0,"("&ROUND(C64,3)&")",ROUND(C64,3)&"") -> (1.268 − 2.208) ÷ 0.966 = (-0.973)
B69: Example 3 (moderate): why residual connections make deep stacks trainable
B70: ILLUSTRATION: when learning, a correction signal (gradient) travels backwards through every layer and gets multiplied by each layer's local 'sensitivity'. Without a residual path, 12 sub-layers mean 12 multiplications — if each is below 1 the signal vanishes. With x + Sublayer(x), there is always a direct path with factor exactly 1 (the '+ x' part), so the signal can reach the bottom layers intact.
B71: Sensitivity per sub-layer | C71: 0.5 | D71: assumed for illustration
B72: Sub-layers passed through | E72: Signal via plain stack (sens^L) | H72: Signal via the residual 'highway' | K72: Reading
B73: 1 | E73: =C71^B73 -> 0.5 | H73: 1 | K73: =IF(E73<0.001,"plain stack: signal effectively gone",IF(E73<0.1,"plain stack: weak","both fine")) -> both fine
B74: 2 | E74: =C71^B74 -> 0.25 | H74: 1 | K74: =IF(E74<0.001,"plain stack: signal effectively gone",IF(E74<0.1,"plain stack: weak","both fine")) -> both fine
B75: 6 | E75: =C71^B75 -> 0.015625 | H75: 1 | K75: =IF(E75<0.001,"plain stack: signal effectively gone",IF(E75<0.1,"plain stack: weak","both fine")) -> plain stack: weak
B76: 12 | E76: =C71^B76 -> 0.00024414062 | H76: 1 | K76: =IF(E76<0.001,"plain stack: signal effectively gone",IF(E76<0.1,"plain stack: weak","both fine")) -> plain stack: signal effectively gone
B77: 24 | E77: =C71^B77 -> 5.9604645e-08 | H77: 1 | K77: =IF(E77<0.001,"plain stack: signal effectively gone",IF(E77<0.1,"plain stack: weak","both fine")) -> plain stack: signal effectively gone
B78: NOTE: The paper uses 'post-norm' (normalise AFTER adding). Many later models moved LayerNorm before the sub-layer ('pre-norm'), which trains more stably at great depth — but the idea of Add & Norm is unchanged.
B79: Check yourself
B80: Q1. LayerNorm normalises across what, exactly?
B81: Answer: Across the d_model numbers of ONE word's vector — each word, each layer, separately.
B82: Q2. Why must every sub-layer output exactly d_model = 512 numbers?
B83: Answer: So it can be added to its input x in the residual connection.

Sheet 11 Feed-Forward
B1: 11 · Position-wise Feed-Forward Network — each word 'thinks' on its own
B2: Paper: §3.3, Equation (2)
B4: FFN(x) = max(0, x·W₁ + b₁) · W₂ + b₂
B5: BIG IDEA: Attention lets words SHARE information. The feed-forward network then processes each word INDIVIDUALLY: expand its vector to 4× the size, switch off the negative parts (ReLU), and compress back. The same weights are used for every position.
B6: ANALOGY: After a group meeting (attention), everyone goes back to their own desk and works through what they heard, using the same method (same weights) — but each on their own notes.
B7: Symbol | C7: What it means in plain English | L7: Value in the paper
B8: x | C8: One word's vector (after Add & Norm) | L8: 512
B9: W₁, b₁ | C9: Expand: d_model → d_ff | L9: 512 × 2048, 2048
B10: max(0, ·) | C10: ReLU: negative numbers become 0 | L10: —
B11: W₂, b₂ | C11: Compress: d_ff → d_model | L11: 2048 × 512, 512
B12: position-wise | C12: Applied separately and identically to every word; 'two convolutions with kernel size 1' | L12: —
B13: Example 1 (simplest): d_model = 2, d_ff = 4 (the paper's 4× expansion ratio)
B14: x
C15: x1 | D15: x2
C16: 1 | D16: 2
B18: W₁ (2 × 4)
C19: h1 | D19: h2 | E19: h3 | F19: h4
B20: x1 | C20: 1 | D20: -1 | E20: 0.5 | F20: 2
B21: x2 | C21: 0 | D21: 1 | E21: -1 | F21: -0.5
B23: b₁
C24: h1 | D24: h2 | E24: h3 | F24: h4
C25: 0 | D25: 0.5 | E25: 0 | F25: -1
B27: Step 1 | C27: Expand: pre = x·W₁ + b₁ (4 numbers).
B28: pre-activation
C29: h1 | D29: h2 | E29: h3 | F29: h4
C30: =C16*C20+D16*C21+C25 -> 1 | D30: =C16*D20+D16*D21+D25 -> 1.5 | E30: =C16*E20+D16*E21+E25 -> -1.5 | F30: =C16*F20+D16*F21+F25 -> 0
B31: h1 | C31: =IF(ROUND(C16,3)<0,"("&ROUND(C16,3)&")",ROUND(C16,3)&"")&"×"&IF(ROUND(C20,3)<0,"("&ROUND(C20,3)&")",ROUND(C20,3)&"")&" + "&IF(ROUND(D16,3)<0,"("&ROUND(D16,3)&")",ROUND(D16,3)&"")&"×"&IF(ROUND(C21,3)<0,"("&ROUND(C21,3)&")",ROUND(C21,3)&"")&" + b₁ "&IF(ROUND(C25,3)<0,"("&ROUND(C25,3)&")",ROUND(C25,3)&"")&" = "&IF(ROUND(C30,3)<0,"("&ROUND(C30,3)&")",ROUND(C30,3)&"") -> 1×1 + 2×0 + b₁ 0 = 1
B32: h2 | C32: =IF(ROUND(C16,3)<0,"("&ROUND(C16,3)&")",ROUND(C16,3)&"")&"×"&IF(ROUND(D20,3)<0,"("&ROUND(D20,3)&")",ROUND(D20,3)&"")&" + "&IF(ROUND(D16,3)<0,"("&ROUND(D16,3)&")",ROUND(D16,3)&"")&"×"&IF(ROUND(D21,3)<0,"("&ROUND(D21,3)&")",ROUND(D21,3)&"")&" + b₁ "&IF(ROUND(D25,3)<0,"("&ROUND(D25,3)&")",ROUND(D25,3)&"")&" = "&IF(ROUND(D30,3)<0,"("&ROUND(D30,3)&")",ROUND(D30,3)&"") -> 1×(-1) + 2×1 + b₁ 0.5 = 1.5
B33: h3 | C33: =IF(ROUND(C16,3)<0,"("&ROUND(C16,3)&")",ROUND(C16,3)&"")&"×"&IF(ROUND(E20,3)<0,"("&ROUND(E20,3)&")",ROUND(E20,3)&"")&" + "&IF(ROUND(D16,3)<0,"("&ROUND(D16,3)&")",ROUND(D16,3)&"")&"×"&IF(ROUND(E21,3)<0,"("&ROUND(E21,3)&")",ROUND(E21,3)&"")&" + b₁ "&IF(ROUND(E25,3)<0,"("&ROUND(E25,3)&")",ROUND(E25,3)&"")&" = "&IF(ROUND(E30,3)<0,"("&ROUND(E30,3)&")",ROUND(E30,3)&"") -> 1×0.5 + 2×(-1) + b₁ 0 = (-1.5)
B34: h4 | C34: =IF(ROUND(C16,3)<0,"("&ROUND(C16,3)&")",ROUND(C16,3)&"")&"×"&IF(ROUND(F20,3)<0,"("&ROUND(F20,3)&")",ROUND(F20,3)&"")&" + "&IF(ROUND(D16,3)<0,"("&ROUND(D16,3)&")",ROUND(D16,3)&"")&"×"&IF(ROUND(F21,3)<0,"("&ROUND(F21,3)&")",ROUND(F21,3)&"")&" + b₁ "&IF(ROUND(F25,3)<0,"("&ROUND(F25,3)&")",ROUND(F25,3)&"")&" = "&IF(ROUND(F30,3)<0,"("&ROUND(F30,3)&")",ROUND(F30,3)&"") -> 1×2 + 2×(-0.5) + b₁ (-1) = 0
B35: Step 2 | C35: ReLU: keep positives, zero out negatives.
B36: hidden = max(0, pre)
C37: h1 | D37: h2 | E37: h3 | F37: h4
C38: =MAX(0,C30) -> 1 | D38: =MAX(0,D30) -> 1.5 | E38: =MAX(0,E30) -> 0 | F38: =MAX(0,F30) -> 0
B39: Step 3 | C39: Compress: out = hidden·W₂ + b₂ (back to 2 numbers).
B40: W₂ (4 × 2) | F40: b₂
C41: o1 | D41: o2 | G41: o1 | H41: o2
B42: h1 | C42: 1 | D42: 0 | G42: 0.1 | H42: -0.1
B43: h2 | C43: 0 | D43: 1
B44: h3 | C44: 3 | D44: 3
B45: h4 | C45: -1 | D45: 2
B47: FFN(x)
C48: o1 | D48: o2
C49: =C38*C42+D38*C43+E38*C44+F38*C45+G42 -> 1.1 | D49: =C38*D42+D38*D43+E38*D44+F38*D45+H42 -> 1.4
B50: o1 | C50: =IF(ROUND(C38,3)<0,"("&ROUND(C38,3)&")",ROUND(C38,3)&"")&"×"&IF(ROUND(C42,3)<0,"("&ROUND(C42,3)&")",ROUND(C42,3)&"")&" + "&IF(ROUND(D38,3)<0,"("&ROUND(D38,3)&")",ROUND(D38,3)&"")&"×"&IF(ROUND(C43,3)<0,"("&ROUND(C43,3)&")",ROUND(C43,3)&"")&" + "&IF(ROUND(E38,3)<0,"("&ROUND(E38,3)&")",ROUND(E38,3)&"")&"×"&IF(ROUND(C44,3)<0,"("&ROUND(C44,3)&")",ROUND(C44,3)&"")&" + "&IF(ROUND(F38,3)<0,"("&ROUND(F38,3)&")",ROUND(F38,3)&"")&"×"&IF(ROUND(C45,3)<0,"("&ROUND(C45,3)&")",ROUND(C45,3)&"")&" + b₂ "&IF(ROUND(G42,3)<0,"("&ROUND(G42,3)&")",ROUND(G42,3)&"")&" = "&IF(ROUND(C49,3)<0,"("&ROUND(C49,3)&")",ROUND(C49,3)&"") -> 1×1 + 1.5×0 + 0×3 + 0×(-1) + b₂ 0.1 = 1.1
B51: o2 | C51: =IF(ROUND(C38,3)<0,"("&ROUND(C38,3)&")",ROUND(C38,3)&"")&"×"&IF(ROUND(D42,3)<0,"("&ROUND(D42,3)&")",ROUND(D42,3)&"")&" + "&IF(ROUND(D38,3)<0,"("&ROUND(D38,3)&")",ROUND(D38,3)&"")&"×"&IF(ROUND(D43,3)<0,"("&ROUND(D43,3)&")",ROUND(D43,3)&"")&" + "&IF(ROUND(E38,3)<0,"("&ROUND(E38,3)&")",ROUND(E38,3)&"")&"×"&IF(ROUND(D44,3)<0,"("&ROUND(D44,3)&")",ROUND(D44,3)&"")&" + "&IF(ROUND(F38,3)<0,"("&ROUND(F38,3)&")",ROUND(F38,3)&"")&"×"&IF(ROUND(D45,3)<0,"("&ROUND(D45,3)&")",ROUND(D45,3)&"")&" + b₂ "&IF(ROUND(H42,3)<0,"("&ROUND(H42,3)&")",ROUND(H42,3)&"")&" = "&IF(ROUND(D49,3)<0,"("&ROUND(D49,3)&")",ROUND(D49,3)&"") -> 1×0 + 1.5×1 + 0×3 + 0×2 + b₂ (-0.1) = 1.4
B52: Notice h3 and h4 were negative, so ReLU switched them off — the large numbers in rows h3 and h4 of W₂ had no effect this time. For a different input they might switch on. This on/off behaviour is what lets the network represent complicated, non-linear patterns.
B54: Example 2 (moderate): the FFN applied to all three words of 'the cat sat' (d_model = 4, d_ff = 8)
B55: Input = the Add & Norm output from sheet 10. The SAME W₁, b₁, W₂, b₂ are applied to each word (that is what 'position-wise' means). Afterwards comes another Add & Norm — completing one full encoder layer.
B56: Input (sheet 10)
C57: dim 1 | D57: dim 2 | E57: dim 3 | F57: dim 4
B58: ='03 Embeddings'!$B$36 -> the | C58: ='10 Add and Norm'!$C$63 -> 1.2090935 | D58: ='10 Add and Norm'!$D$63 -> -0.99412696 | E58: ='10 Add and Norm'!$E$63 -> -0.98118097 | F58: ='10 Add and Norm'!$F$63 -> 0.76621444
B59: ='03 Embeddings'!$B$37 -> cat | C59: ='10 Add and Norm'!$C$64 -> -0.97271404 | D59: ='10 Add and Norm'!$D$64 -> 1.6741248 | E59: ='10 Add and Norm'!$E$64 -> -0.30000664 | F59: ='10 Add and Norm'!$F$64 -> -0.40140412
B60: ='03 Embeddings'!$B$38 -> sat | C60: ='10 Add and Norm'!$C$65 -> 0.95851797 | D60: ='10 Add and Norm'!$D$65 -> -0.91477126 | E60: ='10 Add and Norm'!$E$65 -> -1.0809954 | F60: ='10 Add and Norm'!$F$65 -> 1.0372487
B62: W₁ (4 × 8)
C63: h1 | D63: h2 | E63: h3 | F63: h4 | G63: h5 | H63: h6 | I63: h7 | J63: h8
B64: dim 1 | C64: 0.5 | D64: -0.5 | E64: 1 | F64: 0 | G64: 0.5 | H64: -1 | I64: 0 | J64: 0.5
B65: dim 2 | C65: 1 | D65: 0.5 | E65: 0 | F65: -0.5 | G65: 0 | H65: 0.5 | I65: -1 | J65: 0
B66: dim 3 | C66: 0 | D66: 1 | E66: -0.5 | F66: 1 | G66: -0.5 | H66: 0 | I66: 0.5 | J66: 1
B67: dim 4 | C67: -0.5 | D67: 0 | E67: 0.5 | F67: 0.5 | G67: 1 | H67: 0 | I67: 0.5 | J67: -0.5
B68: b₁ (8)
C69: h1 | D69: h2 | E69: h3 | F69: h4 | G69: h5 | H69: h6 | I69: h7 | J69: h8
C70: 0 | D70: 0.1 | E70: 0 | F70: -0.1 | G70: 0 | H70: 0.1 | I70: 0 | J70: 0
B71: hidden = max(0, x·W₁ + b₁) (3 × 8)
C72: h1 | D72: h2 | E72: h3 | F72: h4 | G72: h5 | H72: h6 | I72: h7 | J72: h8
B73: ='03 Embeddings'!$B$36 -> the | C73: =MAX(0,C58*C64+D58*C65+E58*C66+F58*C67+C70) -> 0 | D73: =MAX(0,C58*D64+D58*D65+E58*D66+F58*D67+D70) -> 0 | E73: =MAX(0,C58*E64+D58*E65+E58*E66+F58*E67+E70) -> 2.0827912 | F73: =MAX(0,C58*F64+D58*F65+E58*F66+F58*F67+F70) -> 0 | G73: =MAX(0,C58*G64+D58*G65+E58*G66+F58*G67+G70) -> 1.8613517 | H73: =MAX(0,C58*H64+D58*H65+E58*H66+F58*H67+H70) -> 0 | I73: =MAX(0,C58*I64+D58*I65+E58*I66+F58*I67+I70) -> 0.8866437 | J73: =MAX(0,C58*J64+D58*J65+E58*J66+F58*J67+J70) -> 0
B74: ='03 Embeddings'!$B$37 -> cat | C74: =MAX(0,C59*C64+D59*C65+E59*C66+F59*C67+C70) -> 1.3884698 | D74: =MAX(0,C59*D64+D59*D65+E59*D66+F59*D67+D70) -> 1.1234128 | E74: =MAX(0,C59*E64+D59*E65+E59*E66+F59*E67+E70) -> 0 | F74: =MAX(0,C59*F64+D59*F65+E59*F66+F59*F67+F70) -> 0 | G74: =MAX(0,C59*G64+D59*G65+E59*G66+F59*G67+G70) -> 0 | H74: =MAX(0,C59*H64+D59*H65+E59*H66+F59*H67+H70) -> 1.9097764 | I74: =MAX(0,C59*I64+D59*I65+E59*I66+F59*I67+I70) -> 0 | J74: =MAX(0,C59*J64+D59*J65+E59*J66+F59*J67+J70) -> 0
B75: ='03 Embeddings'!$B$38 -> sat | C75: =MAX(0,C60*C64+D60*C65+E60*C66+F60*C67+C70) -> 0 | D75: =MAX(0,C60*D64+D60*D65+E60*D66+F60*D67+D70) -> 0 | E75: =MAX(0,C60*E64+D60*E65+E60*E66+F60*E67+E70) -> 2.01764 | F75: =MAX(0,C60*F64+D60*F65+E60*F66+F60*F67+F70) -> 0 | G75: =MAX(0,C60*G64+D60*G65+E60*G66+F60*G67+G70) -> 2.0570053 | H75: =MAX(0,C60*H64+D60*H65+E60*H66+F60*H67+H70) -> 0 | I75: =MAX(0,C60*I64+D60*I65+E60*I66+F60*I67+I70) -> 0.89289791 | J75: =MAX(0,C60*J64+D60*J65+E60*J66+F60*J67+J70) -> 0
B77: cat, h1 | C77: ="max(0, "&IF(ROUND(C59,3)<0,"("&ROUND(C59,3)&")",ROUND(C59,3)&"")&"×"&IF(ROUND(C64,3)<0,"("&ROUND(C64,3)&")",ROUND(C64,3)&"")&" + "&IF(ROUND(D59,3)<0,"("&ROUND(D59,3)&")",ROUND(D59,3)&"")&"×"&IF(ROUND(C65,3)<0,"("&ROUND(C65,3)&")",ROUND(C65,3)&"")&" + "&IF(ROUND(E59,3)<0,"("&ROUND(E59,3)&")",ROUND(E59,3)&"")&"×"&IF(ROUND(C66,3)<0,"("&ROUND(C66,3)&")",ROUND(C66,3)&"")&" + "&IF(ROUND(F59,3)<0,"("&ROUND(F59,3)&")",ROUND(F59,3)&"")&"×"&IF(ROUND(C67,3)<0,"("&ROUND(C67,3)&")",ROUND(C67,3)&"")&" + "&IF(ROUND(C70,3)<0,"("&ROUND(C70,3)&")",ROUND(C70,3)&"")&") = "&IF(ROUND(C74,3)<0,"("&ROUND(C74,3)&")",ROUND(C74,3)&"") -> max(0, (-0.973)×0.5 + 1.674×1 + (-0.3)×0 + (-0.401)×(-0.5) + 0) = 1.388
B78: W₂ (8 × 4) | H78: b₂ (4)
C79: dim 1 | D79: dim 2 | E79: dim 3 | F79: dim 4 | I79: dim 1 | J79: dim 2 | K79: dim 3 | L79: dim 4
B80: h1 | C80: 0.5 | D80: 0 | E80: 0 | F80: 0.5 | I80: 0 | J80: 0 | K80: 0 | L80: 0
B81: h2 | C81: 0 | D81: 0.5 | E81: 0.5 | F81: 0
B82: h3 | C82: 0.5 | D82: 0.5 | E82: 0 | F82: 0
B83: h4 | C83: 0 | D83: 0 | E83: 0.5 | F83: 0.5
B84: h5 | C84: 0.5 | D84: 0 | E84: 0.5 | F84: 0
B85: h6 | C85: 0 | D85: 0.5 | E85: 0 | F85: 0.5
B86: h7 | C86: -0.5 | D86: 0 | E86: 0 | F86: 0.5
B87: h8 | C87: 0 | D87: -0.5 | E87: 0.5 | F87: 0
B89: FFN output (3 × 4)
C90: dim 1 | D90: dim 2 | E90: dim 3 | F90: dim 4
B91: ='03 Embeddings'!$B$36 -> the | C91: =C73*C80+D73*C81+E73*C82+F73*C83+G73*C84+H73*C85+I73*C86+J73*C87+I80 -> 1.5287496 | D91: =C73*D80+D73*D81+E73*D82+F73*D83+G73*D84+H73*D85+I73*D86+J73*D87+J80 -> 1.0413956 | E91: =C73*E80+D73*E81+E73*E82+F73*E83+G73*E84+H73*E85+I73*E86+J73*E87+K80 -> 0.93067584 | F91: =C73*F80+D73*F81+E73*F82+F73*F83+G73*F84+H73*F85+I73*F86+J73*F87+L80 -> 0.44332185
B92: ='03 Embeddings'!$B$37 -> cat | C92: =C74*C80+D74*C81+E74*C82+F74*C83+G74*C84+H74*C85+I74*C86+J74*C87+I80 -> 0.69423492 | D92: =C74*D80+D74*D81+E74*D82+F74*D83+G74*D84+H74*D85+I74*D86+J74*D87+J80 -> 1.5165946 | E92: =C74*E80+D74*E81+E74*E82+F74*E83+G74*E84+H74*E85+I74*E86+J74*E87+K80 -> 0.56170639 | F92: =C74*F80+D74*F81+E74*F82+F74*F83+G74*F84+H74*F85+I74*F86+J74*F87+L80 -> 1.6491231
B93: ='03 Embeddings'!$B$38 -> sat | C93: =C75*C80+D75*C81+E75*C82+F75*C83+G75*C84+H75*C85+I75*C86+J75*C87+I80 -> 1.5908737 | D93: =C75*D80+D75*D81+E75*D82+F75*D83+G75*D84+H75*D85+I75*D86+J75*D87+J80 -> 1.00882 | E93: =C75*E80+D75*E81+E75*E82+F75*E83+G75*E84+H75*E85+I75*E86+J75*E87+K80 -> 1.0285027 | F93: =C75*F80+D75*F81+E75*F82+F75*F83+G75*F84+H75*F85+I75*F86+J75*F87+L80 -> 0.44644895
B95: Second Add & Norm → the output of ENCODER LAYER 1
B96: v = input + FFN
C97: dim 1 | D97: dim 2 | E97: dim 3 | F97: dim 4 | G97: mean μ | H97: √(σ²+ε)
B98: ='03 Embeddings'!$B$36 -> the | C98: =C58+C91 -> 2.7378431 | D98: =D58+D91 -> 0.047268638 | E98: =E58+E91 -> -0.050505135 | F98: =F58+F91 -> 1.2095363 | G98: =AVERAGE(C98:F98) -> 0.98603572 | H98: =SQRT(SUMPRODUCT((C98:F98-G98)^2)/4+'10 Add and Norm'!$C$28) -> 1.126331
B99: ='03 Embeddings'!$B$37 -> cat | C99: =C59+C92 -> -0.27847912 | D99: =D59+D92 -> 3.1907194 | E99: =E59+E92 -> 0.26169975 | F99: =F59+F92 -> 1.247719 | G99: =AVERAGE(C99:F99) -> 1.1054148 | H99: =SQRT(SUMPRODUCT((C99:F99-G99)^2)/4+'10 Add and Norm'!$C$28) -> 1.3224756
B100: ='03 Embeddings'!$B$38 -> sat | C100: =C60+C93 -> 2.5493917 | D100: =D60+D93 -> 0.094048732 | E100: =E60+E93 -> -0.052492705 | F100: =F60+F93 -> 1.4836976 | G100: =AVERAGE(C100:F100) -> 1.0186613 | H100: =SQRT(SUMPRODUCT((C100:F100-G100)^2)/4+'10 Add and Norm'!$C$28) -> 1.0679042
B102: ENCODER LAYER 1 OUTPUT
C103: dim 1 | D103: dim 2 | E103: dim 3 | F103: dim 4
B104: ='03 Embeddings'!$B$36 -> the | C104: =(C98-G98)/H98 -> 1.555322 | D104: =(D98-G98)/H98 -> -0.83347353 | E104: =(E98-G98)/H98 -> -0.92028085 | F104: =(F98-G98)/H98 -> 0.19843241
B105: ='03 Embeddings'!$B$37 -> cat | C105: =(C99-G99)/H99 -> -1.0464419 | D105: =(D99-G99)/H99 -> 1.5768189 | E105: =(E99-G99)/H99 -> -0.63798152 | F105: =(F99-G99)/H99 -> 0.10760445
B106: ='03 Embeddings'!$B$38 -> sat | C106: =(C100-G100)/H100 -> 1.4333967 | D106: =(D100-G100)/H100 -> -0.86581979 | E106: =(E100-G100)/H100 -> -1.0030432 | F106: =(F100-G100)/H100 -> 0.43546629
B108: You have now computed, by formula, one complete encoder layer: embeddings (03) → + position (04) → Q, K, V (05) → multi-head attention (08) → Add & Norm (10) → feed-forward → Add & Norm. The real encoder repeats this 6 times with different weights, feeding each layer's output into the next.
B110: Example 3 (moderate): how many weights does the FFN hold?
B111: d_model | C111: 512
B112: d_ff | C112: 2048
B113: Weights per FFN | C113: =2*C111*C112+C112+C111 -> 2099712 | D113: W₁ + W₂ + b₁ + b₂ = 2·d_model·d_ff + d_ff + d_model
...

Sheet 12 Output and Decoding
B1: 12 · From Vectors Back to Words — the output layer, softmax and beam search
B2: Paper: §3.4 (shared weights, pre-softmax linear transformation), §6.1 (beam size 4, length penalty α = 0.6)
B4: BIG IDEA: The decoder's final vector for a position is compared (dot product) with EVERY token's embedding. The best matches get the highest scores ('logits'); softmax turns the logits into next-word probabilities. Then a search strategy picks the actual words.
B5: P(next token) = softmax( h · Eᵀ ) h = decoder's final vector, E = the shared embedding table
B6: Because the same table E is used for input embeddings and here, 'is this output vector similar to the embedding of Katze?' is literally the question being asked (§3.4: 'we share the same weight matrix between the two embedding layers and the pre-softmax linear transformation').
B7: Example 1 (simplest): scoring our 8-token vocabulary
B8: Pretend the decoder, having produced '<s> Die', outputs the vector h below for the next position. Each token's row of E comes live from sheet 03 (green).
B9: Decoder output h
C10: dim 1 | D10: dim 2 | E10: dim 3 | F10: dim 4
C11: 1 | D11: 2.4 | E11: 3 | F11: -2
B13: E rows (sheet 03)
C14: dim 1 | D14: dim 2 | E14: dim 3 | F14: dim 4 | G14: logit = h·E[token] | H14: e^logit | I14: probability
B15: <s> | C15: ='03 Embeddings'!$C$24 -> 0.1 | D15: ='03 Embeddings'!$D$24 -> -0.1 | E15: ='03 Embeddings'!$E$24 -> 0 | F15: ='03 Embeddings'!$F$24 -> 0.2 | G15: =C11*C15+D11*D15+E11*E15+F11*F15 -> -0.54 | H15: =EXP(G15) -> 0.58274825 | I15: =H15/SUM($H$15:$H$22) -> 0.010559654
B16: </s> | C16: ='03 Embeddings'!$C$25 -> -0.1 | D16: ='03 Embeddings'!$D$25 -> 0.1 | E16: ='03 Embeddings'!$E$25 -> 0.2 | F16: ='03 Embeddings'!$F$25 -> 0 | G16: =C11*C16+D11*D16+E11*E16+F11*F16 -> 0.74 | H16: =EXP(G16) -> 2.0959355 | I16: =H16/SUM($H$15:$H$22) -> 0.037979273
B17: the | C17: ='03 Embeddings'!$C$26 -> 0.5 | D17: ='03 Embeddings'!$D$26 -> -0.2 | E17: ='03 Embeddings'!$E$26 -> 0.1 | F17: ='03 Embeddings'!$F$26 -> 0 | G17: =C11*C17+D11*D17+E11*E17+F11*F17 -> 0.32 | H17: =EXP(G17) -> 1.3771278 | I17: =H17/SUM($H$15:$H$22) -> 0.02495416
B18: cat | C18: ='03 Embeddings'!$C$27 -> -0.3 | D18: ='03 Embeddings'!$D$27 -> 0.8 | E18: ='03 Embeddings'!$E$27 -> 0.4 | F18: ='03 Embeddings'!$F$27 -> -0.1 | G18: =C11*C18+D11*D18+E11*E18+F11*F18 -> 3.02 | H18: =EXP(G18) -> 20.491292 | I18: =H18/SUM($H$15:$H$22) -> 0.37131121
B19: sat | C19: ='03 Embeddings'!$C$28 -> 0.2 | D19: ='03 Embeddings'!$D$28 -> 0.1 | E19: ='03 Embeddings'!$E$28 -> -0.6 | F19: ='03 Embeddings'!$F$28 -> 0.5 | G19: =C11*C19+D11*D19+E11*E19+F11*F19 -> -2.36 | H19: =EXP(G19) -> 0.094420223 | I19: =H19/SUM($H$15:$H$22) -> 0.0017109359
B20: die | C20: ='03 Embeddings'!$C$29 -> 0.4 | D20: ='03 Embeddings'!$D$29 -> -0.3 | E20: ='03 Embeddings'!$E$29 -> 0.2 | F20: ='03 Embeddings'!$F$29 -> 0.1 | G20: =C11*C20+D11*D20+E11*E20+F11*F20 -> 0.08 | H20: =EXP(G20) -> 1.0832871 | I20: =H20/SUM($H$15:$H$22) -> 0.019629638
B21: Katze | C21: ='03 Embeddings'!$C$30 -> -0.2 | D21: ='03 Embeddings'!$D$30 -> 0.7 | E21: ='03 Embeddings'!$E$30 -> 0.5 | F21: ='03 Embeddings'!$F$30 -> -0.2 | G21: =C11*C21+D11*D21+E11*E21+F11*F21 -> 3.38 | H21: =EXP(G21) -> 29.370771 | I21: =H21/SUM($H$15:$H$22) -> 0.53221128
B22: saß | C22: ='03 Embeddings'!$C$31 -> 0.3 | D22: ='03 Embeddings'!$D$31 -> 0 | E22: ='03 Embeddings'!$E$31 -> -0.5 | F22: ='03 Embeddings'!$F$31 -> 0.6 | G22: =C11*C22+D11*D22+E11*E22+F11*F22 -> -2.4 | H22: =EXP(G22) -> 0.090717953 | I22: =H22/SUM($H$15:$H$22) -> 0.0016438492
B24: logit Katze | C24: ="h·E[Katze] = "&IF(ROUND(C11,3)<0,"("&ROUND(C11,3)&")",ROUND(C11,3)&"")&"×"&IF(ROUND(C21,3)<0,"("&ROUND(C21,3)&")",ROUND(C21,3)&"")&" + "&IF(ROUND(D11,3)<0,"("&ROUND(D11,3)&")",ROUND(D11,3)&"")&"×"&IF(ROUND(D21,3)<0,"("&ROUND(D21,3)&")",ROUND(D21,3)&"")&" + "&IF(ROUND(E11,3)<0,"("&ROUND(E11,3)&")",ROUND(E11,3)&"")&"×"&IF(ROUND(E21,3)<0,"("&ROUND(E21,3)&")",ROUND(E21,3)&"")&" + "&IF(ROUND(F11,3)<0,"("&ROUND(F11,3)&")",ROUND(F11,3)&"")&"×"&IF(ROUND(F21,3)<0,"("&ROUND(F21,3)&")",ROUND(F21,3)&"")&" = "&IF(ROUND(G21,3)<0,"("&ROUND(G21,3)&")",ROUND(G21,3)&"") -> h·E[Katze] = 1×(-0.2) + 2.4×0.7 + 3×0.5 + (-2)×(-0.2) = 3.38
B25: logit cat | C25: ="h·E[cat] = "&IF(ROUND(C11,3)<0,"("&ROUND(C11,3)&")",ROUND(C11,3)&"")&"×"&IF(ROUND(C18,3)<0,"("&ROUND(C18,3)&")",ROUND(C18,3)&"")&" + "&IF(ROUND(D11,3)<0,"("&ROUND(D11,3)&")",ROUND(D11,3)&"")&"×"&IF(ROUND(D18,3)<0,"("&ROUND(D18,3)&")",ROUND(D18,3)&"")&" + "&IF(ROUND(E11,3)<0,"("&ROUND(E11,3)&")",ROUND(E11,3)&"")&"×"&IF(ROUND(E18,3)<0,"("&ROUND(E18,3)&")",ROUND(E18,3)&"")&" + "&IF(ROUND(F11,3)<0,"("&ROUND(F11,3)&")",ROUND(F11,3)&"")&"×"&IF(ROUND(F18,3)<0,"("&ROUND(F18,3)&")",ROUND(F18,3)&"")&" = "&IF(ROUND(G18,3)<0,"("&ROUND(G18,3)&")",ROUND(G18,3)&"") -> h·E[cat] = 1×(-0.3) + 2.4×0.8 + 3×0.4 + (-2)×(-0.1) = 3.02
B26: Most likely token | C26: =INDEX(B15:B22,MATCH(MAX(I15:I22),I15:I22,0)) -> Katze | D26: greedy choice = the highest probability
B27: Notice English 'cat' is a close second: with a shared vocabulary, the model must LEARN not to output English tokens in a German sentence. In a trained model the logits are far larger and the right token dominates.
B29: Example 2 (moderate): greedy search vs beam search (beam size 2)
B30: Greedy search takes the single best word at each step — but a good first word can lead to a poor sentence. Beam search keeps the B best partial sentences at every step (the paper uses B = 4) and compares complete sequences by their TOTAL probability (sum of log-probabilities). Toy probabilities below (inputs):
B31: Beam size B | C31: 2 | D31: the paper uses 4; 2 keeps this example small
B32: Step 1 — probabilities of the first word:
B33: First word | D33: P(first word) | F33: Rank | H33: Kept by the beam?
B34: Die | D34: 0.5 | F34: =RANK(D34,$D$34:$D$36) -> 1 | H34: =IF(F34<=C31,"yes","no — pruned") -> yes
B35: Eine | D35: 0.4 | F35: =RANK(D35,$D$34:$D$36) -> 2 | H35: =IF(F35<=C31,"yes","no — pruned") -> yes
B36: Der | D36: 0.1 | F36: =RANK(D36,$D$34:$D$36) -> 3 | H36: =IF(F36<=C31,"yes","no — pruned") -> no — pruned
B37: Step 2 — probabilities of the second word given the first, and the score of each full sequence:
B38: First | C38: Second | E38: P(2nd | 1st) | G38: P(sequence) | I38: log P | K38: Beam keeps first? | M38: Greedy path? | P38: helper: greedy | Q38: helper: beam
B39: Die | C39: Katze | E39: 0.4 | G39: =INDEX($D$34:$D$36,MATCH(B39,$B$34:$B$36,0))*E39 -> 0.2 | I39: =LN(G39) -> -1.6094379 | K39: =INDEX($H$34:$H$36,MATCH(B39,$B$34:$B$36,0)) -> yes | M39: =IF(B39=INDEX($B$34:$B$36,MATCH(MAX($D$34:$D$36),$D$34:$D$36,0)),"on greedy path","") -> on greedy path | P39: =IF(M39="",0,G39) -> 0.2 | Q39: =IF(K39="yes",G39,0) -> 0.2
B40: Die | C40: Kater | E40: 0.35 | G40: =INDEX($D$34:$D$36,MATCH(B40,$B$34:$B$36,0))*E40 -> 0.175 | I40: =LN(G40) -> -1.7429693 | K40: =INDEX($H$34:$H$36,MATCH(B40,$B$34:$B$36,0)) -> yes | M40: =IF(B40=INDEX($B$34:$B$36,MATCH(MAX($D$34:$D$36),$D$34:$D$36,0)),"on greedy path","") -> on greedy path | P40: =IF(M40="",0,G40) -> 0.175 | Q40: =IF(K40="yes",G40,0) -> 0.175
B41: Die | C41: Hund | E41: 0.25 | G41: =INDEX($D$34:$D$36,MATCH(B41,$B$34:$B$36,0))*E41 -> 0.125 | I41: =LN(G41) -> -2.0794415 | K41: =INDEX($H$34:$H$36,MATCH(B41,$B$34:$B$36,0)) -> yes | M41: =IF(B41=INDEX($B$34:$B$36,MATCH(MAX($D$34:$D$36),$D$34:$D$36,0)),"on greedy path","") -> on greedy path | P41: =IF(M41="",0,G41) -> 0.125 | Q41: =IF(K41="yes",G41,0) -> 0.125
B42: Eine | C42: Katze | E42: 0.9 | G42: =INDEX($D$34:$D$36,MATCH(B42,$B$34:$B$36,0))*E42 -> 0.36 | I42: =LN(G42) -> -1.0216512 | K42: =INDEX($H$34:$H$36,MATCH(B42,$B$34:$B$36,0)) -> yes | M42: =IF(B42=INDEX($B$34:$B$36,MATCH(MAX($D$34:$D$36),$D$34:$D$36,0)),"on greedy path","") | P42: =IF(M42="",0,G42) -> 0 | Q42: =IF(K42="yes",G42,0) -> 0.36
B43: Eine | C43: Kater | E43: 0.05 | G43: =INDEX($D$34:$D$36,MATCH(B43,$B$34:$B$36,0))*E43 -> 0.02 | I43: =LN(G43) -> -3.912023 | K43: =INDEX($H$34:$H$36,MATCH(B43,$B$34:$B$36,0)) -> yes | M43: =IF(B43=INDEX($B$34:$B$36,MATCH(MAX($D$34:$D$36),$D$34:$D$36,0)),"on greedy path","") | P43: =IF(M43="",0,G43) -> 0 | Q43: =IF(K43="yes",G43,0) -> 0.02
B44: Eine | C44: Hund | E44: 0.05 | G44: =INDEX($D$34:$D$36,MATCH(B44,$B$34:$B$36,0))*E44 -> 0.02 | I44: =LN(G44) -> -3.912023 | K44: =INDEX($H$34:$H$36,MATCH(B44,$B$34:$B$36,0)) -> yes | M44: =IF(B44=INDEX($B$34:$B$36,MATCH(MAX($D$34:$D$36),$D$34:$D$36,0)),"on greedy path","") | P44: =IF(M44="",0,G44) -> 0 | Q44: =IF(K44="yes",G44,0) -> 0.02
B45: Der | C45: Kater | E45: 0.8 | G45: =INDEX($D$34:$D$36,MATCH(B45,$B$34:$B$36,0))*E45 -> 0.08 | I45: =LN(G45) -> -2.5257286 | K45: =INDEX($H$34:$H$36,MATCH(B45,$B$34:$B$36,0)) -> no — pruned | M45: =IF(B45=INDEX($B$34:$B$36,MATCH(MAX($D$34:$D$36),$D$34:$D$36,0)),"on greedy path","") | P45: =IF(M45="",0,G45) -> 0 | Q45: =IF(K45="yes",G45,0) -> 0
B46: Der | C46: Hund | E46: 0.2 | G46: =INDEX($D$34:$D$36,MATCH(B46,$B$34:$B$36,0))*E46 -> 0.02 | I46: =LN(G46) -> -3.912023 | K46: =INDEX($H$34:$H$36,MATCH(B46,$B$34:$B$36,0)) -> no — pruned | M46: =IF(B46=INDEX($B$34:$B$36,MATCH(MAX($D$34:$D$36),$D$34:$D$36,0)),"on greedy path","") | P46: =IF(M46="",0,G46) -> 0 | Q46: =IF(K46="yes",G46,0) -> 0
B47: Show the work | C47: ="P(Eine Katze) = P(Eine) × P(Katze | Eine) = "&IF(ROUND(D35,3)<0,"("&ROUND(D35,3)&")",ROUND(D35,3)&"")&" × "&IF(ROUND(E42,3)<0,"("&ROUND(E42,3)&")",ROUND(E42,3)&"")&" = "&IF(ROUND(G42,3)<0,"("&ROUND(G42,3)&")",ROUND(G42,3)&"")&"; log P = "&IF(ROUND(I42,3)<0,"("&ROUND(I42,3)&")",ROUND(I42,3)&"") -> P(Eine Katze) = P(Eine) × P(Katze | Eine) = 0.4 × 0.9 = 0.36; log P = (-1.022)
B48: Greedy result | C48: =INDEX($B$39:$B$46,MATCH(MAX($P$39:$P$46),$P$39:$P$46,0))&" "&INDEX($C$39:$C$46,MATCH(MAX($P$39:$P$46),$P$39:$P$46,0)) -> Die Katze | D48: take the single best first word, then the best second word after it
B49: Greedy probability | C49: =MAX($P$39:$P$46) -> 0.2
B50: Beam result | C50: =INDEX($B$39:$B$46,MATCH(MAX($Q$39:$Q$46),$Q$39:$Q$46,0))&" "&INDEX($C$39:$C$46,MATCH(MAX($Q$39:$Q$46),$Q$39:$Q$46,0)) -> Eine Katze | D50: best complete sequence among those whose first word survived the beam
B51: Beam probability | C51: =MAX($Q$39:$Q$46) -> 0.36
B52: Greedy grabbed 'Die' (0.5) and got stuck with a weak continuation; the beam kept 'Eine' alive and found the far better 'Eine Katze'.
B54: Length penalty: stopping beam search from preferring short sentences
B55: Every extra word multiplies in another probability below 1, so longer sentences always look worse. The paper uses the length penalty from Wu et al. [38] with α = 0.6: divide log P by lp(Y) = ((5 + |Y|) / (5 + 1))^α.
B56: score(Y) = log P(Y) / lp(Y), lp(Y) = ( (5 + |Y|) / 6 )^α
B57: α | C57: 0.6 | D57: §6.1: length penalty α = 0.6
B58: Hypothesis | E58: Length |Y| | F58: log P(Y) | H58: lp(Y) | J58: score = log P / lp | L58: Winner?
B59: short translation | E59: 2 | F59: -1.4 | H59: =((5+E59)/6)^C57 -> 1.0969026 | J59: =F59/H59 -> -1.2763211 | L59: =IF(J59=MAX($J$59:$J$60),"✔ chosen","")
B60: complete translation | E60: 5 | F60: -1.5 | H60: =((5+E60)/6)^C57 -> 1.3586552 | J60: =F60/H60 -> -1.1040329 | L60: =IF(J60=MAX($J$59:$J$60),"✔ chosen","") -> ✔ chosen
B61: Raw log P prefers the short one (−1.4 > −1.5); after the penalty the complete translation wins. The paper also caps output length at input length + 50 and stops early when possible.
B62: Check yourself
B63: Q1. Why is the output layer 'free' in terms of extra parameters?
B64: Answer: It reuses (the transpose of) the embedding table instead of learning a separate matrix.
B65: Q2. What does beam size 4 mean?
B66: Answer: At each step, keep the 4 highest-scoring partial translations.

Sheet 13 Loss and Smoothing
B1: 13 · How the Model Learns: Cross-Entropy Loss and Label Smoothing
B2: Paper: §5.4 Label Smoothing (ε_ls = 0.1), Table 3 (perplexity PPL), reference [36]
B4: BIG IDEA: Training = show the model a sentence pair, ask it to predict each next word, and penalise it by −ln(probability it gave the correct word). Label smoothing tells the model the right answer is only '90% sure', which stops it becoming arrogantly over-confident.
B5: Loss = − Σ_tokens q(token) · ln p(token) hard target: q = 1 for the right word, 0 otherwise
B6: Label smoothing (ε): q(right) = (1 − ε) + ε/K, q(each other) = ε/K, K = vocabulary size
B7: Symbol | C7: What it means in plain English | L7: Value in the paper
B8: p | C8: The model's predicted probabilities (from softmax, sheet 12) | L8: —
B9: q | C9: The target distribution we train towards | L9: —
B10: ε_ls | C10: How much probability is spread evenly over all tokens | L10: 0.1
B11: K | C11: Number of tokens in the vocabulary | L11: ≈ 37,000
B12: PPL | C12: Perplexity = e^(average loss): 'as uncertain as choosing among PPL equally likely tokens' | L12: 4.92 (base, dev)
B13: Example 1 (simplest): 4-word vocabulary, correct answer 'Katze'
B14: ε (label smoothing) | C14: 0.1 | D14: the paper's value
B15: K (vocabulary size) | C15: 4
B16: Targets
C17: die | D17: Katze | E17: Hund | F17: saß
B18: hard (one-hot) | C18: =IF(0=1,1,0) -> 0 | D18: =IF(1=1,1,0) -> 1 | E18: =IF(2=1,1,0) -> 0 | F18: =IF(3=1,1,0) -> 0
B19: smoothed | C19: =IF(0=1,1-C14+C14/C15,C14/C15) -> 0.025 | D19: =IF(1=1,1-C14+C14/C15,C14/C15) -> 0.925 | E19: =IF(2=1,1-C14+C14/C15,C14/C15) -> 0.025 | F19: =IF(3=1,1-C14+C14/C15,C14/C15) -> 0.025
B21: Three models' predictions p
C22: die | D22: Katze | E22: Hund | F22: saß
B23: A: over-confident, right | C23: 0.001 | D23: 0.997 | E23: 0.001 | F23: 0.001
B24: B: calibrated, right | C24: 0.03 | D24: 0.91 | E24: 0.03 | F24: 0.03
B25: C: over-confident, WRONG | C25: 0.001 | D25: 0.001 | E25: 0.997 | F25: 0.001
B27: Model | E27: Hard loss = −ln p(Katze) | H27: Smoothed loss = −Σ q·ln p | K27: Which loss prefers it?
B28: A | E28: =-LN(D23) -> 0.003004509 | H28: =-(C19*LN(C23)+D19*LN(D23)+E19*LN(E23)+F19*LN(F23)) -> 0.52086082 | K28: =IF(E28=MIN($E$28:$E$30),"hard loss likes this best","")&IF(H28=MIN($H$28:$H$30)," smoothed loss likes this best","") -> hard loss likes this best
B29: B | E29: =-LN(D24) -> 0.094310679 | H29: =-(C19*LN(C24)+D19*LN(D24)+E19*LN(E24)+F19*LN(F24)) -> 0.35022922 | K29: =IF(E29=MIN($E$28:$E$30),"hard loss likes this best","")&IF(H29=MIN($H$28:$H$30)," smoothed loss likes this best","") -> smoothed loss likes this best
B30: C | E30: =-LN(D25) -> 6.9077553 | H30: =-(C19*LN(C25)+D19*LN(D25)+E19*LN(E25)+F19*LN(F25)) -> 6.7351365 | K30: =IF(E30=MIN($E$28:$E$30),"hard loss likes this best","")&IF(H30=MIN($H$28:$H$30)," smoothed loss likes this best","")
B31: B, smoothed | C31: ="−"&IF(ROUND(C19,3)<0,"("&ROUND(C19,3)&")",ROUND(C19,3)&"")&"×ln("&IF(ROUND(C24,3)<0,"("&ROUND(C24,3)&")",ROUND(C24,3)&"")&")"&" − "&IF(ROUND(D19,3)<0,"("&ROUND(D19,3)&")",ROUND(D19,3)&"")&"×ln("&IF(ROUND(D24,3)<0,"("&ROUND(D24,3)&")",ROUND(D24,3)&"")&")"&" − "&IF(ROUND(E19,3)<0,"("&ROUND(E19,3)&")",ROUND(E19,3)&"")&"×ln("&IF(ROUND(E24,3)<0,"("&ROUND(E24,3)&")",ROUND(E24,3)&"")&")"&" − "&IF(ROUND(F19,3)<0,"("&ROUND(F19,3)&")",ROUND(F19,3)&"")&"×ln("&IF(ROUND(F24,3)<0,"("&ROUND(F24,3)&")",ROUND(F24,3)&"")&")"&" = "&IF(ROUND(H29,3)<0,"("&ROUND(H29,3)&")",ROUND(H29,3)&"") -> −0.025×ln(0.03) − 0.925×ln(0.91) − 0.025×ln(0.03) − 0.025×ln(0.03) = 0.35
B32: Plain hard loss rewards pushing p(Katze) to 0.997 (Model A). Label smoothing prefers B: once the model is right, extra confidence is punished because the smoothed target wants a little probability left on the alternatives. Paper: this 'hurts perplexity, as the model learns to be more unsure, but improves accuracy and BLEU score'.
B33: Best possible smoothed loss | C33: =-(C19*LN(C19)+D19*LN(D19)+E19*LN(E19)+F19*LN(F19)) -> 0.34878038 | D33: achieved only when p exactly equals q — you can never reach 0 with smoothing
B35: Example 2 (moderate): averaging over a sentence, and what perplexity means
B36: The loss is averaged over every target token. Suppose while translating 'Die Katze saß .' the model gave the correct token these probabilities:
B37: p(correct token)
C38: Die | D38: Katze | E38: saß | F38: .
C39: 0.6 | D39: 0.3 | E39: 0.9 | F39: 0.8
B40: loss = −ln p
C41: Die | D41: Katze | E41: saß | F41: .
C42: =-LN(C39) -> 0.51082562 | D42: =-LN(D39) -> 1.2039728 | E42: =-LN(E39) -> 0.10536052 | F42: =-LN(F39) -> 0.22314355
B43: Average loss (nats) | C43: =AVERAGE(C42:F42) -> 0.51082562
B44: Perplexity = e^avg | C44: =EXP(C43) -> 1.6666667 | D44: as uncertain, on average, as picking among this many equally likely tokens
B45: Same thing: geometric mean of 1/p | C45: =GEOMEAN(1/C39,1/D39,1/E39,1/F39) -> 1.6666667
B46: Reading the paper's perplexities (Table 3, per word-piece on the dev set)
B47: Model | E47: PPL in paper | H47: Average loss = ln(PPL) | K47: Average p(correct) implied (geometric)
B48: base | E48: 4.92 | H48: =LN(E48) -> 1.5933085 | K48: =1/E48 -> 0.20325203
B49: big | E49: 4.33 | H49: =LN(E49) -> 1.4655675 | K49: =1/E49 -> 0.23094688
B50: (A) 1 head | E50: 5.29 | H50: =LN(E50) -> 1.6658182 | K50: =1/E50 -> 0.18903592
B51: (D) no dropout | E51: 5.77 | H51: =LN(E51) -> 1.7526721 | K51: =1/E51 -> 0.17331023
B52: Label smoothing at real scale
B53: K (real vocabulary) | C53: 37000
B54: Target for the right token | C54: =1-C14+C14/C53 -> 0.9000027
B55: Target for each other token | C55: =C14/C53 -> 2.7027027e-06 | D55: 0.1 spread over 37,000 tokens: tiny each, but together 10%
B56: Check yourself
B57: Q1. If the model gives the right word probability 1, what is the hard loss?
B58: Answer: −ln(1) = 0.
B59: Q2. Why does label smoothing make perplexity worse but BLEU better?
B60: Answer: Perplexity rewards confidence in the reference word; smoothing deliberately keeps the model less confident, which generalises better and helps beam search produce better translations.

Sheet 14 Optimizer and LR
B1: 14 · Training Schedule: Adam and the Warm-up Learning Rate
B2: Paper: §5.2 Hardware and Schedule, §5.3 Optimizer, Equation (3)
B4: BIG IDEA: Learning = repeatedly nudging every weight a little in the direction that lowers the loss. The LEARNING RATE sets the size of the nudge. The paper ramps it UP for the first 4,000 steps (warm-up), then slowly DOWN.
B5: lrate = d_model^(−0.5) · min( step^(−0.5) , step · warmup^(−1.5) )
B6: Symbol | C6: What it means in plain English | L6: Value in the paper
B7: d_model^(−0.5) | C7: 1/√d_model — bigger models take smaller steps | L7: 1/√512 ≈ 0.0442
B8: step · warmup^(−1.5) | C8: Warm-up branch: grows in a straight line with the step number | L8: used while step < 4000
B9: step^(−0.5) | C9: Decay branch: shrinks like 1/√step | L9: used after step 4000
B10: min(…) | C10: Whichever branch is smaller wins; they cross exactly at step = warmup | L10: —
B11: warmup | C11: Number of warm-up steps | L11: 4000
B12: ANALOGY: Driving out of a car park: accelerate gently at first (the model's early guesses are wild, so big steps are dangerous), cruise, then ease off as you approach the destination to park precisely.
B13: Example 1 (simplest): d_model = 4, warmup = 4, steps 1–12
B14: d_model | C14: 4
B15: warmup | C15: 4
B16: step | C16: warm-up branch step·warmup^−1.5 | E16: decay branch step^−0.5 | G16: min of the two | I16: × d_model^−0.5 = lrate | K16: phase
B17: 1 | C17: =B17*C15^(-1.5) -> 0.125 | E17: =B17^(-0.5) -> 1 | G17: =MIN(C17,E17) -> 0.125 | I17: =C14^(-0.5)*G17 -> 0.0625 | K17: =IF(C17<E17,"warming up ↑",IF(C17=E17,"peak","decaying ↓")) -> warming up ↑
B18: 2 | C18: =B18*C15^(-1.5) -> 0.25 | E18: =B18^(-0.5) -> 0.70710678 | G18: =MIN(C18,E18) -> 0.25 | I18: =C14^(-0.5)*G18 -> 0.125 | K18: =IF(C18<E18,"warming up ↑",IF(C18=E18,"peak","decaying ↓")) -> warming up ↑
B19: 3 | C19: =B19*C15^(-1.5) -> 0.375 | E19: =B19^(-0.5) -> 0.57735027 | G19: =MIN(C19,E19) -> 0.375 | I19: =C14^(-0.5)*G19 -> 0.1875 | K19: =IF(C19<E19,"warming up ↑",IF(C19=E19,"peak","decaying ↓")) -> warming up ↑
B20: 4 | C20: =B20*C15^(-1.5) -> 0.5 | E20: =B20^(-0.5) -> 0.5 | G20: =MIN(C20,E20) -> 0.5 | I20: =C14^(-0.5)*G20 -> 0.25 | K20: =IF(C20<E20,"warming up ↑",IF(C20=E20,"peak","decaying ↓")) -> peak
B21: 5 | C21: =B21*C15^(-1.5) -> 0.625 | E21: =B21^(-0.5) -> 0.4472136 | G21: =MIN(C21,E21) -> 0.4472136 | I21: =C14^(-0.5)*G21 -> 0.2236068 | K21: =IF(C21<E21,"warming up ↑",IF(C21=E21,"peak","decaying ↓")) -> decaying ↓
B22: 6 | C22: =B22*C15^(-1.5) -> 0.75 | E22: =B22^(-0.5) -> 0.40824829 | G22: =MIN(C22,E22) -> 0.40824829 | I22: =C14^(-0.5)*G22 -> 0.20412415 | K22: =IF(C22<E22,"warming up ↑",IF(C22=E22,"peak","decaying ↓")) -> decaying ↓
B23: 7 | C23: =B23*C15^(-1.5) -> 0.875 | E23: =B23^(-0.5) -> 0.37796447 | G23: =MIN(C23,E23) -> 0.37796447 | I23: =C14^(-0.5)*G23 -> 0.18898224 | K23: =IF(C23<E23,"warming up ↑",IF(C23=E23,"peak","decaying ↓")) -> decaying ↓
B24: 8 | C24: =B24*C15^(-1.5) -> 1 | E24: =B24^(-0.5) -> 0.35355339 | G24: =MIN(C24,E24) -> 0.35355339 | I24: =C14^(-0.5)*G24 -> 0.1767767 | K24: =IF(C24<E24,"warming up ↑",IF(C24=E24,"peak","decaying ↓")) -> decaying ↓
B25: 9 | C25: =B25*C15^(-1.5) -> 1.125 | E25: =B25^(-0.5) -> 0.33333333 | G25: =MIN(C25,E25) -> 0.33333333 | I25: =C14^(-0.5)*G25 -> 0.16666667 | K25: =IF(C25<E25,"warming up ↑",IF(C25=E25,"peak","decaying ↓")) -> decaying ↓
B26: 10 | C26: =B26*C15^(-1.5) -> 1.25 | E26: =B26^(-0.5) -> 0.31622777 | G26: =MIN(C26,E26) -> 0.31622777 | I26: =C14^(-0.5)*G26 -> 0.15811388 | K26: =IF(C26<E26,"warming up ↑",IF(C26=E26,"peak","decaying ↓")) -> decaying ↓
B27: 11 | C27: =B27*C15^(-1.5) -> 1.375 | E27: =B27^(-0.5) -> 0.30151134 | G27: =MIN(C27,E27) -> 0.30151134 | I27: =C14^(-0.5)*G27 -> 0.15075567 | K27: =IF(C27<E27,"warming up ↑",IF(C27=E27,"peak","decaying ↓")) -> decaying ↓
B28: 12 | C28: =B28*C15^(-1.5) -> 1.5 | E28: =B28^(-0.5) -> 0.28867513 | G28: =MIN(C28,E28) -> 0.28867513 | I28: =C14^(-0.5)*G28 -> 0.14433757 | K28: =IF(C28<E28,"warming up ↑",IF(C28=E28,"peak","decaying ↓")) -> decaying ↓
B29: step 2 | C29: ="min( 2 × "&C15&"^−1.5 , 2^−0.5 ) = min("&IF(ROUND(C18,3)<0,"("&ROUND(C18,3)&")",ROUND(C18,3)&"")&", "&IF(ROUND(E18,3)<0,"("&ROUND(E18,3)&")",ROUND(E18,3)&"")&") = "&IF(ROUND(G18,3)<0,"("&ROUND(G18,3)&")",ROUND(G18,3)&"")&"; × "&C14&"^−0.5 = "&IF(ROUND(I18,3)<0,"("&ROUND(I18,3)&")",ROUND(I18,3)&"") -> min( 2 × 4^−1.5 , 2^−0.5 ) = min(0.25, 0.707) = 0.25; × 4^−0.5 = 0.125
B30: step 8 | C30: ="min( 8 × "&C15&"^−1.5 , 8^−0.5 ) = min("&IF(ROUND(C24,3)<0,"("&ROUND(C24,3)&")",ROUND(C24,3)&"")&", "&IF(ROUND(E24,3)<0,"("&ROUND(E24,3)&")",ROUND(E24,3)&"")&") = "&IF(ROUND(G24,3)<0,"("&ROUND(G24,3)&")",ROUND(G24,3)&"")&"; × "&C14&"^−0.5 = "&IF(ROUND(I24,3)<0,"("&ROUND(I24,3)&")",ROUND(I24,3)&"") -> min( 8 × 4^−1.5 , 8^−0.5 ) = min(1, 0.354) = 0.354; × 4^−0.5 = 0.177
B32: Example 2 (moderate): the paper's real schedule (d_model = 512, warmup = 4000)
B33: d_model | C33: 512
B34: warmup | C34: 4000
B35: Peak learning rate (at step = warmup) | C35: =C33^(-0.5)*C34^(-0.5) -> 0.00069877124 | D35: i.e. 1/√(512 × 4000) ≈ 0.0007
B36: step | D36: learning rate | G36: comment
B37: 1 | D37: =C33^(-0.5)*MIN(B37^(-0.5),B37*C34^(-1.5)) -> 1.7469281e-07 | G37: =IF(B37<C34,"warm-up: "&TEXT(B37/C34,"0%")&" of the way to the peak","decay: "&TEXT(D37/(C33^(-0.5)*C34^(-0.5)),"0%")&" of peak") -> warm-up: 0% of the way to the peak
B38: 100 | D38: =C33^(-0.5)*MIN(B38^(-0.5),B38*C34^(-1.5)) -> 1.7469281e-05 | G38: =IF(B38<C34,"warm-up: "&TEXT(B38/C34,"0%")&" of the way to the peak","decay: "&TEXT(D38/(C33^(-0.5)*C34^(-0.5)),"0%")&" of peak") -> warm-up: 3% of the way to the peak
B39: 1000 | D39: =C33^(-0.5)*MIN(B39^(-0.5),B39*C34^(-1.5)) -> 0.00017469281 | G39: =IF(B39<C34,"warm-up: "&TEXT(B39/C34,"0%")&" of the way to the peak","decay: "&TEXT(D39/(C33^(-0.5)*C34^(-0.5)),"0%")&" of peak") -> warm-up: 25% of the way to the peak
B40: 2000 | D40: =C33^(-0.5)*MIN(B40^(-0.5),B40*C34^(-1.5)) -> 0.00034938562 | G40: =IF(B40<C34,"warm-up: "&TEXT(B40/C34,"0%")&" of the way to the peak","decay: "&TEXT(D40/(C33^(-0.5)*C34^(-0.5)),"0%")&" of peak") -> warm-up: 50% of the way to the peak
B41: 4000 | D41: =C33^(-0.5)*MIN(B41^(-0.5),B41*C34^(-1.5)) -> 0.00069877124 | G41: =IF(B41<C34,"warm-up: "&TEXT(B41/C34,"0%")&" of the way to the peak","decay: "&TEXT(D41/(C33^(-0.5)*C34^(-0.5)),"0%")&" of peak") -> decay: 100% of peak
B42: 8000 | D42: =C33^(-0.5)*MIN(B42^(-0.5),B42*C34^(-1.5)) -> 0.00049410588 | G42: =IF(B42<C34,"warm-up: "&TEXT(B42/C34,"0%")&" of the way to the peak","decay: "&TEXT(D42/(C33^(-0.5)*C34^(-0.5)),"0%")&" of peak") -> decay: 71% of peak
B43: 16000 | D43: =C33^(-0.5)*MIN(B43^(-0.5),B43*C34^(-1.5)) -> 0.00034938562 | G43: =IF(B43<C34,"warm-up: "&TEXT(B43/C34,"0%")&" of the way to the peak","decay: "&TEXT(D43/(C33^(-0.5)*C34^(-0.5)),"0%")&" of peak") -> decay: 50% of peak
B44: 50000 | D44: =C33^(-0.5)*MIN(B44^(-0.5),B44*C34^(-1.5)) -> 0.00019764235 | G44: =IF(B44<C34,"warm-up: "&TEXT(B44/C34,"0%")&" of the way to the peak","decay: "&TEXT(D44/(C33^(-0.5)*C34^(-0.5)),"0%")&" of peak") -> decay: 28% of peak
B45: 100000 | D45: =C33^(-0.5)*MIN(B45^(-0.5),B45*C34^(-1.5)) -> 0.00013975425 | G45: =IF(B45<C34,"warm-up: "&TEXT(B45/C34,"0%")&" of the way to the peak","decay: "&TEXT(D45/(C33^(-0.5)*C34^(-0.5)),"0%")&" of peak") -> decay: 20% of peak
B46: 300000 | D46: =C33^(-0.5)*MIN(B46^(-0.5),B46*C34^(-1.5)) -> 8.0687153e-05 | G46: =IF(B46<C34,"warm-up: "&TEXT(B46/C34,"0%")&" of the way to the peak","decay: "&TEXT(D46/(C33^(-0.5)*C34^(-0.5)),"0%")&" of peak") -> decay: 12% of peak
B47: Chart data (steps 0 → 100,000 in 1,000s) is at the bottom of this sheet; the chart is drawn here:
B66: Example 3 (moderate): Adam — one weight, three steps, fully expanded
B67: Adam doesn't just step down the slope (gradient g). It keeps a running average of recent gradients (momentum m, the 'direction') and of their squares (v, the 'bumpiness'), and divides one by the square root of the other, so every weight gets a sensibly sized step. Early averages start at 0 and are biased small, so they are corrected by dividing by (1 − βᵗ).
B68: m ← β₁·m + (1−β₁)·g v ← β₂·v + (1−β₂)·g² m̂ = m/(1−β₁ᵗ) v̂ = v/(1−β₂ᵗ) θ ← θ − lr · m̂ / (√v̂ + ε)
B69: β₁ | C69: 0.9 | D69: §5.3
B70: β₂ | C70: 0.98 | D70: §5.3 (note: 0.98, not the usual 0.999)
B71: ε | C71: 1e-09 | D71: §5.3
B72: lr (fixed here for clarity) | C72: 0.001
B73: starting weight θ₀ | C73: 0.5
B74: t | C74: gradient g | D74: m | F74: v | H74: m̂ | I74: v̂ | K74: step = lr·m̂/(√v̂+ε) | M74: θ after
B75: 1 | C75: 0.5 | D75: =C69*0+(1-C69)*C75 -> 0.05 | F75: =C70*0+(1-C70)*C75^2 -> 0.005 | H75: =D75/(1-C69^B75) -> 0.5 | I75: =F75/(1-C70^B75) -> 0.25 | K75: =C72*H75/(SQRT(I75)+C71) -> 0.001 | M75: =C73-K75 -> 0.499
B76: 2 | C76: 0.3 | D76: =C69*D75+(1-C69)*C76 -> 0.075 | F76: =C70*F75+(1-C70)*C76^2 -> 0.0067 | H76: =D76/(1-C69^B76) -> 0.39473684 | I76: =F76/(1-C70^B76) -> 0.16919192 | K76: =C72*H76/(SQRT(I76)+C71) -> 0.00095966102 | M76: =M75-K76 -> 0.49804034
B77: 3 | C77: -0.2 | D77: =C69*D76+(1-C69)*C77 -> 0.0475 | F77: =C70*F76+(1-C70)*C77^2 -> 0.007366 | H77: =D77/(1-C69^B77) -> 0.17527675 | I77: =F77/(1-C70^B77) -> 0.12525507 | K77: =C72*H77/(SQRT(I77)+C71) -> 0.00049525249 | M77: =M76-K77 -> 0.49754509
B78: t = 1 | C78: ="m = 0.9×0 + 0.1×"&IF(ROUND(C75,3)<0,"("&ROUND(C75,3)&")",ROUND(C75,3)&"")&" = "&IF(ROUND(D75,3)<0,"("&ROUND(D75,3)&")",ROUND(D75,3)&"")&"; m̂ = "&IF(ROUND(D75,3)<0,"("&ROUND(D75,3)&")",ROUND(D75,3)&"")&" ÷ (1−0.9) = "&IF(ROUND(H75,3)<0,"("&ROUND(H75,3)&")",ROUND(H75,3)&"")&"; v̂ = "&IF(ROUND(I75,3)<0,"("&ROUND(I75,3)&")",ROUND(I75,3)&"")&"; step = 0.001 × "&IF(ROUND(H75,3)<0,"("&ROUND(H75,3)&")",ROUND(H75,3)&"")&" ÷ "&IF(ROUND(SQRT(I75),3)<0,"("&ROUND(SQRT(I75),3)&")",ROUND(SQRT(I75),3)&"")&" = "&IF(ROUND(K75,3)<0,"("&ROUND(K75,3)&")",ROUND(K75,3)&"") -> m = 0.9×0 + 0.1×0.5 = 0.05; m̂ = 0.05 ÷ (1−0.9) = 0.5; v̂ = 0.25; step = 0.001 × 0.5 ÷ 0.5 = 0.001
B79: Notice step 1 moves the weight by exactly lr (0.001): Adam's first step is always about lr in size, whatever the gradient's scale. That self-normalisation is why Adam is robust.
B81: Example 4 (simple arithmetic): checking the paper's training times
B82: Model | D82: Steps | F82: Seconds per step | H82: Total hours | J82: Total days | L82: Paper says
B83: base | D83: 100000 | F83: 0.4 | H83: =D83*F83/3600 -> 11.111111 | J83: =H83/24 -> 0.46296296 | L83: 12 hours
B84: big | D84: 300000 | F84: 1 | H84: =D84*F84/3600 -> 83.333333 | J84: =H84/24 -> 3.4722222 | L84: 3.5 days
B85: Each batch held about 25,000 source + 25,000 target tokens, on one machine with 8 NVIDIA P100 GPUs (§5.1–5.2).
B86: Check yourself
B87: Q1. At which step is the learning rate highest?
B88: Answer: At step = warmup_steps (4000), where the two branches meet.
B89: Q2. Why warm up at all?
B90: Answer: Early in training the weights are random and Adam's statistics are unreliable; big steps then can derail training.
B93: Chart data: learning rate vs step (d_model and warmup from Example 2)
B94: step | C94: lrate
B95: 1 | C95: =C33^(-0.5)*MIN(B95^(-0.5),B95*C34^(-1.5)) -> 1.7469281e-07
B96: 1000 | C96: =C33^(-0.5)*MIN(B96^(-0.5),B96*C34^(-1.5)) -> 0.00017469281
B97: 2000 | C97: =C33^(-0.5)*MIN(B97^(-0.5),B97*C34^(-1.5)) -> 0.00034938562
B98: 3000 | C98: =C33^(-0.5)*MIN(B98^(-0.5),B98*C34^(-1.5)) -> 0.00052407843
B99: 4000 | C99: =C33^(-0.5)*MIN(B99^(-0.5),B99*C34^(-1.5)) -> 0.00069877124
B100: 5000 | C100: =C33^(-0.5)*MIN(B100^(-0.5),B100*C34^(-1.5)) -> 0.000625
B101: 6000 | C101: =C33^(-0.5)*MIN(B101^(-0.5),B101*C34^(-1.5)) -> 0.00057054433
B102: 7000 | C102: =C33^(-0.5)*MIN(B102^(-0.5),B102*C34^(-1.5)) -> 0.00052822141
B103: 8000 | C103: =C33^(-0.5)*MIN(B103^(-0.5),B103*C34^(-1.5)) -> 0.00049410588
B104: 9000 | C104: =C33^(-0.5)*MIN(B104^(-0.5),B104*C34^(-1.5)) -> 0.0004658475
B105: 10000 | C105: =C33^(-0.5)*MIN(B105^(-0.5),B105*C34^(-1.5)) -> 0.00044194174
B106: 11000 | C106: =C33^(-0.5)*MIN(B106^(-0.5),B106*C34^(-1.5)) -> 0.00042137491
B107: 12000 | C107: =C33^(-0.5)*MIN(B107^(-0.5),B107*C34^(-1.5)) -> 0.00040343577
B108: 13000 | C108: =C33^(-0.5)*MIN(B108^(-0.5),B108*C34^(-1.5)) -> 0.00038760855
B109: 14000 | C109: =C33^(-0.5)*MIN(B109^(-0.5),B109*C34^(-1.5)) -> 0.00037350894
B110: 15000 | C110: =C33^(-0.5)*MIN(B110^(-0.5),B110*C34^(-1.5)) -> 0.00036084392
B111: 16000 | C111: =C33^(-0.5)*MIN(B111^(-0.5),B111*C34^(-1.5)) -> 0.00034938562
B112: 17000 | C112: =C33^(-0.5)*MIN(B112^(-0.5),B112*C34^(-1.5)) -> 0.00033895384
B113: 18000 | C113: =C33^(-0.5)*MIN(B113^(-0.5),B113*C34^(-1.5)) -> 0.00032940392
B114: 19000 | C114: =C33^(-0.5)*MIN(B114^(-0.5),B114*C34^(-1.5)) -> 0.00032061824
B115: 20000 | C115: =C33^(-0.5)*MIN(B115^(-0.5),B115*C34^(-1.5)) -> 0.0003125
B116: 21000 | C116: =C33^(-0.5)*MIN(B116^(-0.5),B116*C34^(-1.5)) -> 0.00030496877
B117: 22000 | C117: =C33^(-0.5)*MIN(B117^(-0.5),B117*C34^(-1.5)) -> 0.00029795706
B118: 23000 | C118: =C33^(-0.5)*MIN(B118^(-0.5),B118*C34^(-1.5)) -> 0.00029140775
B119: 24000 | C119: =C33^(-0.5)*MIN(B119^(-0.5),B119*C34^(-1.5)) -> 0.00028527217
B120: 25000 | C120: =C33^(-0.5)*MIN(B120^(-0.5),B120*C34^(-1.5)) -> 0.0002795085
B121: 26000 | C121: =C33^(-0.5)*MIN(B121^(-0.5),B121*C34^(-1.5)) -> 0.00027408063
B122: 27000 | C122: =C33^(-0.5)*MIN(B122^(-0.5),B122*C34^(-1.5)) -> 0.00026895718
B123: 28000 | C123: =C33^(-0.5)*MIN(B123^(-0.5),B123*C34^(-1.5)) -> 0.0002641107
...

Sheet 15 Regularization
B1: 15 · Regularisation: Dropout, Label Smoothing and Checkpoint Averaging
B2: Paper: §5.4 (Residual Dropout P_drop = 0.1, Label Smoothing ε_ls = 0.1), §6.1 checkpoint averaging, Table 3 rows (C) (D)
B4: BIG IDEA: A big model can memorise its training data instead of learning general rules (over-fitting). Regularisation adds deliberate handicaps during training so the model must learn robust patterns.
B5: 1. Residual dropout
B6: §5.4: 'We apply dropout to the output of each sub-layer, before it is added to the sub-layer input and normalized. In addition, we apply dropout to the sums of the embeddings and the positional encodings in both the encoder and decoder stacks.' Dropout randomly sets a fraction P_drop of numbers to zero on each training step, so no single number can be relied on.
B7: x → Sublayer(x) → Dropout → (+ x) → LayerNorm
B8: ANALOGY: A football team that trains with random players benched each session: everyone must learn to cover for everyone else, so the team never depends on one star.
B9: Example 1 (simplest): dropout on 6 numbers
B10: The 'random draws' are fixed numbers here (pretend a die was rolled) so the sheet is repeatable. A number is DROPPED when its draw is below P_drop. Survivors are scaled up by 1/(1 − P_drop) so the average size stays the same — the standard 'inverted dropout' used by TensorFlow, the paper's framework (the paper doesn't spell this detail out). At test time dropout is switched off.
B11: P_drop | C11: 0.3 | D11: 0.3 here for visibility; paper base model uses 0.1
B12: Sub-layer output
C13: x1 | D13: x2 | E13: x3 | F13: x4 | G13: x5 | H13: x6
C14: 0.8 | D14: -1.2 | E14: 2 | F14: 0.5 | G14: -0.3 | H14: 1.1
B15: Random draw (fixed)
C16: x1 | D16: x2 | E16: x3 | F16: x4 | G16: x5 | H16: x6
C17: 0.62 | D17: 0.15 | E17: 0.88 | F17: 0.41 | G17: 0.07 | H17: 0.73
B18: Keep? (1 = yes)
C19: x1 | D19: x2 | E19: x3 | F19: x4 | G19: x5 | H19: x6
C20: =IF(C17<C11,0,1) -> 1 | D20: =IF(D17<C11,0,1) -> 0 | E20: =IF(E17<C11,0,1) -> 1 | F20: =IF(F17<C11,0,1) -> 1 | G20: =IF(G17<C11,0,1) -> 0 | H20: =IF(H17<C11,0,1) -> 1
B21: After dropout = x × keep ÷ (1 − p)
C22: x1 | D22: x2 | E22: x3 | F22: x4 | G22: x5 | H22: x6
C23: =C14*C20/(1-C11) -> 1.1428571 | D23: =D14*D20/(1-C11) -> 0 | E23: =E14*E20/(1-C11) -> 2.8571429 | F23: =F14*F20/(1-C11) -> 0.71428571 | G23: =G14*G20/(1-C11) -> 0 | H23: =H14*H20/(1-C11) -> 1.5714286
B24: x3 | C24: ="kept: "&IF(ROUND(E14,3)<0,"("&ROUND(E14,3)&")",ROUND(E14,3)&"")&" ÷ (1 − "&IF(ROUND(C11,3)<0,"("&ROUND(C11,3)&")",ROUND(C11,3)&"")&") = "&IF(ROUND(E23,3)<0,"("&ROUND(E23,3)&")",ROUND(E23,3)&"") -> kept: 2 ÷ (1 − 0.3) = 2.857
B25: x2 | C25: ="draw "&IF(ROUND(D17,3)<0,"("&ROUND(D17,3)&")",ROUND(D17,3)&"")&" < "&IF(ROUND(C11,3)<0,"("&ROUND(C11,3)&")",ROUND(C11,3)&"")&" → dropped → 0" -> draw 0.15 < 0.3 → dropped → 0
B26: Example 2 (moderate): why scale by 1/(1−p)? Average over many training steps
B27: Take a single activation of 2.0 and ten fixed random draws. Averaged over the ten steps, the dropped-and-scaled value comes out equal to the original — so the next layer sees the same size signal in training as at test time (when dropout is off).
B28: activation | C28: 2
B29: Random draws for 10 steps
C30: s1 | D30: s2 | E30: s3 | F30: s4 | G30: s5 | H30: s6 | I30: s7 | J30: s8 | K30: s9 | L30: s10
C31: 0.62 | D31: 0.15 | E31: 0.88 | F31: 0.41 | G31: 0.07 | H31: 0.73 | I31: 0.29 | J31: 0.95 | K31: 0.52 | L31: 0.34
B32: Value passed on
C33: s1 | D33: s2 | E33: s3 | F33: s4 | G33: s5 | H33: s6 | I33: s7 | J33: s8 | K33: s9 | L33: s10
C34: =IF(C31<C11,0,C28/(1-C11)) -> 2.8571429 | D34: =IF(D31<C11,0,C28/(1-C11)) -> 0 | E34: =IF(E31<C11,0,C28/(1-C11)) -> 2.8571429 | F34: =IF(F31<C11,0,C28/(1-C11)) -> 2.8571429 | G34: =IF(G31<C11,0,C28/(1-C11)) -> 0 | H34: =IF(H31<C11,0,C28/(1-C11)) -> 2.8571429 | I34: =IF(I31<C11,0,C28/(1-C11)) -> 0 | J34: =IF(J31<C11,0,C28/(1-C11)) -> 2.8571429 | K34: =IF(K31<C11,0,C28/(1-C11)) -> 2.8571429 | L34: =IF(L31<C11,0,C28/(1-C11)) -> 2.8571429
B35: Average over 10 steps | C35: =AVERAGE(C34:L34) -> 2 | D35: equals the original activation when exactly 30% of draws are below 0.3
B37: 2. Label smoothing (ε_ls = 0.1)
B38: Covered with full numbers on sheet 13: the target for the correct word is softened from 100% to about 90%, which 'hurts perplexity … but improves accuracy and BLEU score'.
B39: 3. Checkpoint averaging (§6.1)
B40: Instead of using only the final weights, the paper averages the last 5 checkpoints (saved every 10 minutes) for base models and the last 20 for big models. Averaging smooths out the random wobble of the last few training steps.
B41: One weight at the last 5 checkpoints
C42: ckpt −4 | D42: ckpt −3 | E42: ckpt −2 | F42: ckpt −1 | G42: final
C43: 0.512 | D43: 0.498 | E43: 0.505 | F43: 0.521 | G43: 0.494
B44: Averaged weight used | C44: =AVERAGE(C43:G43) -> 0.506 | D44: done for every one of the model's millions of weights
B45: 4. Evidence from the paper (Table 3, English→German dev set)
B46: Variation | E46: P_drop | F46: ε_ls | G46: PPL | H46: BLEU | I46: Lesson
B47: base | E47: 0.1 | F47: 0.1 | G47: 4.92 | H47: 25.8 | I47: reference point
B48: (D) no dropout | E48: 0 | F48: 0.1 | G48: 5.77 | H48: 24.6 | I48: −1.2 BLEU: dropout matters a lot
B49: (D) more dropout | E49: 0.2 | F49: 0.1 | G49: 4.95 | H49: 25.5 | I49: a little worse than 0.1
B50: (D) no label smoothing | E50: 0.1 | F50: 0 | G50: 4.67 | H50: 25.3 | I50: better PPL but worse BLEU
B51: (D) more smoothing | E51: 0.1 | F51: 0.2 | G51: 5.47 | H51: 25.7 | I51: PPL worse, BLEU about the same
B52: Source: the paper's Table 3. The big model used P_drop = 0.3 for English→German and 0.1 for English→French.
B53: Check yourself
B54: Q1. Is dropout used when translating new sentences?
B55: Answer: No — only during training.
B56: Q2. Why does 'no label smoothing' have better perplexity but worse BLEU?
B57: Answer: Without smoothing the model is more confident on the reference words (better PPL) but generalises less well.

Sheet 16 Why Self-Attention
B1: 16 · Why Self-Attention? Cost, Parallelism and Path Length (Table 1)
B2: Paper: §4 Why Self-Attention, Table 1
B4: BIG IDEA: The paper judges a layer type on three things: total work per layer, how much of that work can run in parallel, and how many steps a signal needs to travel between any two words. Self-attention wins on the last two outright, and on the first whenever sentences are shorter than the vector size (n < d).
B5: Layer type | F5: Work per layer | I5: Sequential operations | L5: Maximum path length
B6: Self-attention | F6: O(n² · d) | I6: O(1) | L6: O(1)
B7: Recurrent (RNN) | F7: O(n · d²) | I7: O(n) | L7: O(n)
B8: Convolutional | F8: O(k · n · d²) | I8: O(1) | L8: O(log_k(n))
B9: Self-attention (restricted to r neighbours) | F9: O(r · n · d) | I9: O(1) | L9: O(n / r)
B10: Source: Table 1. n = sequence length, d = representation size, k = convolution kernel width, r = neighbourhood size. 'O(…)' means 'grows roughly like' — constants are ignored.
B11: • WORK: self-attention compares all n² pairs, each costing d multiplications → n²·d. An RNN does n steps, each a d × d matrix multiply → n·d².
B12: • SEQUENTIAL OPS: self-attention does everything at once (1); an RNN needs n steps in a row.
B13: • PATH LENGTH: in self-attention any word reaches any other in 1 hop; in an RNN up to n hops; with stacked (dilated) convolutions about log_k(n) hops.
B14: Example 1 (simplest): n = 5 words, d = 8, k = 3, r = 2
B15: n | C15: 5
B16: d | C16: 8
B17: k | C17: 3
B18: r | C18: 2
B19: Layer type | E19: Work per layer | G19: Sequential ops | I19: Max path length | K19: Show the work (work per layer)
B20: Self-attention | E20: =C15^2*C16 -> 200 | G20: =1 -> 1 | I20: =1 -> 1 | K20: =C15&"² × "&C16&" = "&C15^2*C16 -> 5² × 8 = 200
B21: Recurrent | E21: =C15*C16^2 -> 320 | G21: =C15 -> 5 | I21: =C15 -> 5 | K21: =C15&" × "&C16&"² = "&C15*C16^2 -> 5 × 8² = 320
B22: Convolutional | E22: =C17*C15*C16^2 -> 960 | G22: =1 -> 1 | I22: =LN(C15)/LN(C17) -> 1.4649735 | K22: =C17&" × "&C15&" × "&C16&"² = "&C17*C15*C16^2 -> 3 × 5 × 8² = 960
B23: Restricted self-attention | E23: =C18*C15*C16 -> 80 | G23: =1 -> 1 | I23: =C15/C18 -> 2.5 | K23: =C18&" × "&C15&" × "&C16&" = "&C18*C15*C16 -> 2 × 5 × 8 = 80
B25: Example 2 (moderate): real sizes — where is the crossover?
B26: With d = 512 (the base model), self-attention is cheaper than an RNN layer exactly when n < d, i.e. for sequences shorter than 512 tokens — 'which is most often the case with sentence representations' (§4). For very long inputs (documents, audio, images) the n² term dominates, which is why the paper suggests restricted attention for future work.
B27: d | C27: 512
B28: n (tokens) | D28: Self-attention n²·d | G28: RNN n·d² | J28: Self-attn ÷ RNN | L28: Verdict
B29: 10 | D29: =B29^2*C27 -> 51200 | G29: =B29*C27^2 -> 2621440 | J29: =D29/G29 -> 0.01953125 | L29: =IF(J29<1,"self-attention cheaper",IF(J29=1,"equal (n = d)","RNN cheaper per layer")) -> self-attention cheaper
B30: 50 | D30: =B30^2*C27 -> 1280000 | G30: =B30*C27^2 -> 13107200 | J30: =D30/G30 -> 0.09765625 | L30: =IF(J30<1,"self-attention cheaper",IF(J30=1,"equal (n = d)","RNN cheaper per layer")) -> self-attention cheaper
B31: 100 | D31: =B31^2*C27 -> 5120000 | G31: =B31*C27^2 -> 26214400 | J31: =D31/G31 -> 0.1953125 | L31: =IF(J31<1,"self-attention cheaper",IF(J31=1,"equal (n = d)","RNN cheaper per layer")) -> self-attention cheaper
B32: 256 | D32: =B32^2*C27 -> 33554432 | G32: =B32*C27^2 -> 67108864 | J32: =D32/G32 -> 0.5 | L32: =IF(J32<1,"self-attention cheaper",IF(J32=1,"equal (n = d)","RNN cheaper per layer")) -> self-attention cheaper
B33: 512 | D33: =B33^2*C27 -> 134217728 | G33: =B33*C27^2 -> 134217728 | J33: =D33/G33 -> 1 | L33: =IF(J33<1,"self-attention cheaper",IF(J33=1,"equal (n = d)","RNN cheaper per layer")) -> equal (n = d)
B34: 1000 | D34: =B34^2*C27 -> 512000000 | G34: =B34*C27^2 -> 262144000 | J34: =D34/G34 -> 1.953125 | L34: =IF(J34<1,"self-attention cheaper",IF(J34=1,"equal (n = d)","RNN cheaper per layer")) -> RNN cheaper per layer
B35: 4096 | D35: =B35^2*C27 -> 8589934592 | G35: =B35*C27^2 -> 1073741824 | J35: =D35/G35 -> 8 | L35: =IF(J35<1,"self-attention cheaper",IF(J35=1,"equal (n = d)","RNN cheaper per layer")) -> RNN cheaper per layer
B36: Even where an RNN does less total work, it still needs n SEQUENTIAL steps, so on a GPU the Transformer usually finishes first. The paper also notes a side benefit: attention weights can be inspected, making the model more interpretable.
B37: Check yourself
B38: Q1. For n = 20 and d = 512, which layer does less work?
B39: Answer: Self-attention: 20²×512 = 204,800 vs 20×512² = 5,242,880.
B40: Q2. What is self-attention's weakness?
B41: Answer: Work and memory grow with n², so very long sequences get expensive.

Sheet 17 Model Anatomy
B1: 17 · Putting It Together — shapes, sizes and parameter counts of the full model
B2: Paper: §3 (all), Figure 1, Table 3 (base and big rows)
B4: BIG IDEA: Every number in the paper's architecture, tracked through one forward pass, and a from-scratch parameter count that lands within a few percent of the paper's 65M (base) and 213M (big).
B5: 1. The two configurations (Table 3)
B6: Hyper-parameter | D6: Meaning | J6: base | L6: big
B7: N | D7: layers in encoder and in decoder | J7: 6 | L7: 6
B8: d_model | D8: vector size everywhere | J8: 512 | L8: 1024
B9: d_ff | D9: feed-forward inner size | J9: 2048 | L9: 4096
B10: h | D10: attention heads | J10: 8 | L10: 16
B11: d_k = d_v | D11: per-head size | J11: 64 | L11: 64
B12: P_drop | D12: dropout rate | J12: 0.1 | L12: 0.3
B13: ε_ls | D13: label smoothing | J13: 0.1 | L13: 0.1
B14: train steps | D14: optimiser updates | J14: 100K | L14: 300K
B15: params | D15: total weights (paper) | J15: 65 × 10⁶ | L15: 213 × 10⁶
B16: 2. Shape tracker (base model) — follow one sentence through
B17: n (English tokens) | C17: 10
B18: m (German tokens so far) | C18: 9
B19: d_model | C19: 512
B20: h | C20: 8
B21: d_ff | C21: 2048
B22: vocabulary | C22: 37000
B23: Stage | F23: Shape (rows × columns) | I23: Where explained
B24: Token ids | F24: =C17&" numbers" -> 10 numbers | I24: one integer per token
B25: Embedding × √d_model | F25: =C17&" × "&C19 -> 10 × 512 | I25: look up rows of the shared table (sheet 03)
B26: + positional encoding | F26: =C17&" × "&C19 -> 10 × 512 | I26: same shape, added (sheet 04)
B27: Q, K, V per head | F27: =C17&" × "&(C19/C20) -> 10 × 64 | I27: X·W (sheet 05); d_k = d_model/h
B28: Scores per head Q·Kᵀ | F28: =C17&" × "&C17 -> 10 × 10 | I28: every word vs every word (sheet 06)
B29: Head output A·V | F29: =C17&" × "&(C19/C20) -> 10 × 64 | I29: blend of values
B30: Concat of h heads | F30: =C17&" × "&C20*(C19/C20) -> 10 × 512 | I30: back to d_model (sheet 08)
B31: × W_O, Add & Norm | F31: =C17&" × "&C19 -> 10 × 512 | I31: sheet 10
B32: FFN hidden | F32: =C17&" × "&C21 -> 10 × 2048 | I32: expanded 4× (sheet 11)
B33: FFN out, Add & Norm | F33: =C17&" × "&C19 -> 10 × 512 | I33: encoder layer output; repeat 6×
B34: Decoder masked self-attn scores | F34: =C18&" × "&C18 -> 9 × 9 | I34: lower-triangular (sheet 07)
B35: Cross-attention scores | F35: =C18&" × "&C17 -> 9 × 10 | I35: German positions × English positions (sheet 09)
B36: Decoder output | F36: =C18&" × "&C19 -> 9 × 512 | I36: after 6 decoder layers
B37: Logits (× Eᵀ) | F37: =C18&" × "&TEXT(C22,"#,##0") -> 9 × 37,000 | I37: one score per vocabulary token (sheet 12)
B38: Probabilities (softmax) | F38: =C18&" × "&TEXT(C22,"#,##0") -> 9 × 37,000 | I38: each row sums to 1
B40: 3. Counting every parameter (moderate example)
B41: Assumptions (the paper doesn't list them): every linear layer has a bias; each LayerNorm has γ and β; one shared 37,000-token embedding table; sinusoidal positions have no parameters. Change the blue inputs to switch between base and big.
B42: Component | E42: Formula | J42: base | L42: big
B43: d_model | E43: input | J43: 512 | L43: 1024
B44: d_ff | E44: input | J44: 2048 | L44: 4096
B45: N | E45: input | J45: 6 | L45: 6
B46: vocabulary | E46: input | J46: =C22 -> 37000 | L46: =C22 -> 37000
B47: Shared embedding | E47: V × d | J47: =J46*J43 -> 18944000 | L47: =L46*L43 -> 37888000
B48: One attention block | E48: 4·d² + 4·d (W_Q, W_K, W_V, W_O + biases) | J48: =4*J43^2+4*J43 -> 1050624 | L48: =4*L43^2+4*L43 -> 4198400
B49: One FFN | E49: 2·d·d_ff + d_ff + d | J49: =2*J43*J44+J44+J43 -> 2099712 | L49: =2*L43*L44+L44+L43 -> 8393728
B50: One LayerNorm | E50: 2·d (γ and β) | J50: =2*J43 -> 1024 | L50: =2*L43 -> 2048
B51: Encoder layer | E51: 1 attention + 1 FFN + 2 LayerNorms | J51: =J48+J49+2*J50 -> 3152384 | L51: =L48+L49+2*L50 -> 12596224
B52: Decoder layer | E52: 2 attentions + 1 FFN + 3 LayerNorms | J52: =2*J48+J49+3*J50 -> 4204032 | L52: =2*L48+L49+3*L50 -> 16796672
B53: Encoder stack | E53: N × encoder layer | J53: =J45*J51 -> 18914304 | L53: =L45*L51 -> 75577344
B54: Decoder stack | E54: N × decoder layer | J54: =J45*J52 -> 25224192 | L54: =L45*L52 -> 100780032
B55: TOTAL (our count) | E55: embedding + encoder + decoder | J55: =J47+J53+J54 -> 63082496 | L55: =L47+L53+L54 -> 214245376
B56: Paper (Table 3) | E56: reported | J56: 65000000 | L56: 213000000
B57: Difference | E57: our count ÷ paper − 1 | J57: =J55/J56-1 -> -0.029500062 | L57: =L55/L56-1 -> 0.0058468357
B58: Our count lands within about 3% of the paper for both models. The small gap comes from details the paper doesn't state (exact vocabulary size, whether biases are used, etc.). Notice where the weights live: in the base model roughly 30% is the embedding table, 40% the feed-forward networks and 30% attention.
B59: Check yourself
B60: Q1. Why is the decoder layer bigger than the encoder layer?
B61: Answer: It has a second attention block (cross-attention) and a third LayerNorm.
B62: Q2. Which single hyper-parameter change roughly quadruples most of the weights?
B63: Answer: Doubling d_model (and d_ff with it): most weight matrices scale with d².

Sheet 18 BLEU Score
B1: 18 · Measuring Translation Quality: the BLEU Score
B2: Used for every result in the paper (Tables 2 and 3). BLEU itself is from Papineni et al. (2002), not this paper.
B4: BIG IDEA: BLEU asks: how many word sequences (1, 2, 3 and 4 words long) in the machine's translation also appear in a human reference translation? It combines these four overlap rates and penalises translations that are too short. Scores are usually shown ×100: the paper's 28.4 means 0.284.
B5: BLEU = BP × exp( (ln p₁ + ln p₂ + ln p₃ + ln p₄) / 4 ), BP = 1 if c > r, else e^(1 − r/c)
B6: Symbol | C6: What it means in plain English | L6: Value in the paper
B7: pₙ | C7: 'Clipped' precision for n-word sequences: matches ÷ total n-grams in the candidate | L7: —
B8: clipping | C8: A candidate n-gram can be credited at most as many times as it appears in the reference | L8: —
B9: c, r | C9: Length of candidate and of reference (in words) | L9: —
B10: BP | C10: Brevity penalty: punishes candidates shorter than the reference | L10: —
B11: Example 1 (simplest): why 'clipping' is needed
B12: Reference: 'the cat is on the mat'. A silly candidate 'the the the the' has 4 words that all appear in the reference — naive precision would be 100%! Clipping: 'the' occurs only 2 times in the reference, so at most 2 of the candidate's 'the's count.
B13: Reference words | C13: the | D13: cat | E13: is | F13: on | G13: the | H13: mat
B14: Candidate words | C14: the | D14: the | E14: the | F14: the
B16: Naive matches | C16: =SUMPRODUCT(--(COUNTIF(C13:H13,C14:F14)>0)) -> 4 | D16: candidate words found anywhere in the reference
B17: 'the' in candidate | C17: =COUNTIF(C14:F14,"the") -> 4
B18: 'the' in reference | C18: =COUNTIF(C13:H13,"the") -> 2
B19: Naive precision | C19: =SUMPRODUCT(--(COUNTIF(C13:H13,C14:F14)>0))/4 -> 1
B20: Clipped precision | C20: =MIN(C17,C18)/4 -> 0.5 | D20: min(4, 2) ÷ 4
B22: Example 2 (moderate): full BLEU-4 for 'the cat sat on mat' vs 'the cat sat on the mat'
B23: Type any words (one per yellow cell, leave the rest blank). n-grams are built automatically with formulas; the 'credit' columns apply clipping.
B24: # | C24: Candidate word | D24: cand 2-gram | E24: cand 3-gram | F24: cand 4-gram | H24: Reference word | I24: ref 2-gram | J24: ref 3-gram | K24: ref 4-gram
B25: 1 | C25: the | D25: =IF(AND(C25<>"",C26<>""),C25&" "&C26,"") -> the cat | E25: =IF(AND(C25<>"",C26<>"",C27<>""),C25&" "&C26&" "&C27,"") -> the cat sat | F25: =IF(AND(C25<>"",C26<>"",C27<>"",C28<>""),C25&" "&C26&" "&C27&" "&C28,"") -> the cat sat on | H25: the | I25: =IF(AND(H25<>"",H26<>""),H25&" "&H26,"") -> the cat | J25: =IF(AND(H25<>"",H26<>"",H27<>""),H25&" "&H26&" "&H27,"") -> the cat sat | K25: =IF(AND(H25<>"",H26<>"",H27<>"",H28<>""),H25&" "&H26&" "&H27&" "&H28,"") -> the cat sat on
B26: 2 | C26: cat | D26: =IF(AND(C26<>"",C27<>""),C26&" "&C27,"") -> cat sat | E26: =IF(AND(C26<>"",C27<>"",C28<>""),C26&" "&C27&" "&C28,"") -> cat sat on | F26: =IF(AND(C26<>"",C27<>"",C28<>"",C29<>""),C26&" "&C27&" "&C28&" "&C29,"") -> cat sat on mat | H26: cat | I26: =IF(AND(H26<>"",H27<>""),H26&" "&H27,"") -> cat sat | J26: =IF(AND(H26<>"",H27<>"",H28<>""),H26&" "&H27&" "&H28,"") -> cat sat on | K26: =IF(AND(H26<>"",H27<>"",H28<>"",H29<>""),H26&" "&H27&" "&H28&" "&H29,"") -> cat sat on the
B27: 3 | C27: sat | D27: =IF(AND(C27<>"",C28<>""),C27&" "&C28,"") -> sat on | E27: =IF(AND(C27<>"",C28<>"",C29<>""),C27&" "&C28&" "&C29,"") -> sat on mat | F27: =IF(AND(C27<>"",C28<>"",C29<>"",C30<>""),C27&" "&C28&" "&C29&" "&C30,"") | H27: sat | I27: =IF(AND(H27<>"",H28<>""),H27&" "&H28,"") -> sat on | J27: =IF(AND(H27<>"",H28<>"",H29<>""),H27&" "&H28&" "&H29,"") -> sat on the | K27: =IF(AND(H27<>"",H28<>"",H29<>"",H30<>""),H27&" "&H28&" "&H29&" "&H30,"") -> sat on the mat
B28: 4 | C28: on | D28: =IF(AND(C28<>"",C29<>""),C28&" "&C29,"") -> on mat | E28: =IF(AND(C28<>"",C29<>"",C30<>""),C28&" "&C29&" "&C30,"") | F28: =IF(AND(C28<>"",C29<>"",C30<>"",C31<>""),C28&" "&C29&" "&C30&" "&C31,"") | H28: on | I28: =IF(AND(H28<>"",H29<>""),H28&" "&H29,"") -> on the | J28: =IF(AND(H28<>"",H29<>"",H30<>""),H28&" "&H29&" "&H30,"") -> on the mat | K28: =IF(AND(H28<>"",H29<>"",H30<>"",H31<>""),H28&" "&H29&" "&H30&" "&H31,"")
B29: 5 | C29: mat | D29: =IF(AND(C29<>"",C30<>""),C29&" "&C30,"") | E29: =IF(AND(C29<>"",C30<>"",C31<>""),C29&" "&C30&" "&C31,"") | F29: =IF(AND(C29<>"",C30<>"",C31<>"",C32<>""),C29&" "&C30&" "&C31&" "&C32,"") | H29: the | I29: =IF(AND(H29<>"",H30<>""),H29&" "&H30,"") -> the mat | J29: =IF(AND(H29<>"",H30<>"",H31<>""),H29&" "&H30&" "&H31,"") | K29: =IF(AND(H29<>"",H30<>"",H31<>"",H32<>""),H29&" "&H30&" "&H31&" "&H32,"")
B30: 6 | D30: =IF(AND(C30<>"",C31<>""),C30&" "&C31,"") | E30: =IF(AND(C30<>"",C31<>"",C32<>""),C30&" "&C31&" "&C32,"") | F30: ="" | H30: mat | I30: =IF(AND(H30<>"",H31<>""),H30&" "&H31,"") | J30: =IF(AND(H30<>"",H31<>"",H32<>""),H30&" "&H31&" "&H32,"") | K30: =""
B31: 7 | D31: =IF(AND(C31<>"",C32<>""),C31&" "&C32,"") | E31: ="" | F31: ="" | I31: =IF(AND(H31<>"",H32<>""),H31&" "&H32,"") | J31: ="" | K31: =""
B32: 8 | D32: ="" | E32: ="" | F32: ="" | I32: ="" | J32: ="" | K32: =""
B34: Clipped credit per candidate n-gram = min(count in candidate, count in reference) ÷ count in candidate (summing these over all copies gives the clipped match total):
B35: # | C35: 1-gram credit | D35: 2-gram credit | E35: 3-gram credit | F35: 4-gram credit
B36: 1 | C36: =IF(C25="",0,MIN(COUNTIF($C$25:$C$32,C25),COUNTIF($H$25:$H$32,C25))/COUNTIF($C$25:$C$32,C25)) -> 1 | D36: =IF(D25="",0,MIN(COUNTIF($D$25:$D$32,D25),COUNTIF($I$25:$I$32,D25))/COUNTIF($D$25:$D$32,D25)) -> 1 | E36: =IF(E25="",0,MIN(COUNTIF($E$25:$E$32,E25),COUNTIF($J$25:$J$32,E25))/COUNTIF($E$25:$E$32,E25)) -> 1 | F36: =IF(F25="",0,MIN(COUNTIF($F$25:$F$32,F25),COUNTIF($K$25:$K$32,F25))/COUNTIF($F$25:$F$32,F25)) -> 1
B37: 2 | C37: =IF(C26="",0,MIN(COUNTIF($C$25:$C$32,C26),COUNTIF($H$25:$H$32,C26))/COUNTIF($C$25:$C$32,C26)) -> 1 | D37: =IF(D26="",0,MIN(COUNTIF($D$25:$D$32,D26),COUNTIF($I$25:$I$32,D26))/COUNTIF($D$25:$D$32,D26)) -> 1 | E37: =IF(E26="",0,MIN(COUNTIF($E$25:$E$32,E26),COUNTIF($J$25:$J$32,E26))/COUNTIF($E$25:$E$32,E26)) -> 1 | F37: =IF(F26="",0,MIN(COUNTIF($F$25:$F$32,F26),COUNTIF($K$25:$K$32,F26))/COUNTIF($F$25:$F$32,F26)) -> 0
B38: 3 | C38: =IF(C27="",0,MIN(COUNTIF($C$25:$C$32,C27),COUNTIF($H$25:$H$32,C27))/COUNTIF($C$25:$C$32,C27)) -> 1 | D38: =IF(D27="",0,MIN(COUNTIF($D$25:$D$32,D27),COUNTIF($I$25:$I$32,D27))/COUNTIF($D$25:$D$32,D27)) -> 1 | E38: =IF(E27="",0,MIN(COUNTIF($E$25:$E$32,E27),COUNTIF($J$25:$J$32,E27))/COUNTIF($E$25:$E$32,E27)) -> 0 | F38: =IF(F27="",0,MIN(COUNTIF($F$25:$F$32,F27),COUNTIF($K$25:$K$32,F27))/COUNTIF($F$25:$F$32,F27)) -> 0
B39: 4 | C39: =IF(C28="",0,MIN(COUNTIF($C$25:$C$32,C28),COUNTIF($H$25:$H$32,C28))/COUNTIF($C$25:$C$32,C28)) -> 1 | D39: =IF(D28="",0,MIN(COUNTIF($D$25:$D$32,D28),COUNTIF($I$25:$I$32,D28))/COUNTIF($D$25:$D$32,D28)) -> 0 | E39: =IF(E28="",0,MIN(COUNTIF($E$25:$E$32,E28),COUNTIF($J$25:$J$32,E28))/COUNTIF($E$25:$E$32,E28)) -> 0 | F39: =IF(F28="",0,MIN(COUNTIF($F$25:$F$32,F28),COUNTIF($K$25:$K$32,F28))/COUNTIF($F$25:$F$32,F28)) -> 0
B40: 5 | C40: =IF(C29="",0,MIN(COUNTIF($C$25:$C$32,C29),COUNTIF($H$25:$H$32,C29))/COUNTIF($C$25:$C$32,C29)) -> 1 | D40: =IF(D29="",0,MIN(COUNTIF($D$25:$D$32,D29),COUNTIF($I$25:$I$32,D29))/COUNTIF($D$25:$D$32,D29)) -> 0 | E40: =IF(E29="",0,MIN(COUNTIF($E$25:$E$32,E29),COUNTIF($J$25:$J$32,E29))/COUNTIF($E$25:$E$32,E29)) -> 0 | F40: =IF(F29="",0,MIN(COUNTIF($F$25:$F$32,F29),COUNTIF($K$25:$K$32,F29))/COUNTIF($F$25:$F$32,F29)) -> 0
B41: 6 | C41: =IF(C30="",0,MIN(COUNTIF($C$25:$C$32,C30),COUNTIF($H$25:$H$32,C30))/COUNTIF($C$25:$C$32,C30)) -> 0 | D41: =IF(D30="",0,MIN(COUNTIF($D$25:$D$32,D30),COUNTIF($I$25:$I$32,D30))/COUNTIF($D$25:$D$32,D30)) -> 0 | E41: =IF(E30="",0,MIN(COUNTIF($E$25:$E$32,E30),COUNTIF($J$25:$J$32,E30))/COUNTIF($E$25:$E$32,E30)) -> 0 | F41: =IF(F30="",0,MIN(COUNTIF($F$25:$F$32,F30),COUNTIF($K$25:$K$32,F30))/COUNTIF($F$25:$F$32,F30)) -> 0
B42: 7 | C42: =IF(C31="",0,MIN(COUNTIF($C$25:$C$32,C31),COUNTIF($H$25:$H$32,C31))/COUNTIF($C$25:$C$32,C31)) -> 0 | D42: =IF(D31="",0,MIN(COUNTIF($D$25:$D$32,D31),COUNTIF($I$25:$I$32,D31))/COUNTIF($D$25:$D$32,D31)) -> 0 | E42: =IF(E31="",0,MIN(COUNTIF($E$25:$E$32,E31),COUNTIF($J$25:$J$32,E31))/COUNTIF($E$25:$E$32,E31)) -> 0 | F42: =IF(F31="",0,MIN(COUNTIF($F$25:$F$32,F31),COUNTIF($K$25:$K$32,F31))/COUNTIF($F$25:$F$32,F31)) -> 0
B43: 8 | C43: =IF(C32="",0,MIN(COUNTIF($C$25:$C$32,C32),COUNTIF($H$25:$H$32,C32))/COUNTIF($C$25:$C$32,C32)) -> 0 | D43: =IF(D32="",0,MIN(COUNTIF($D$25:$D$32,D32),COUNTIF($I$25:$I$32,D32))/COUNTIF($D$25:$D$32,D32)) -> 0 | E43: =IF(E32="",0,MIN(COUNTIF($E$25:$E$32,E32),COUNTIF($J$25:$J$32,E32))/COUNTIF($E$25:$E$32,E32)) -> 0 | F43: =IF(F32="",0,MIN(COUNTIF($F$25:$F$32,F32),COUNTIF($K$25:$K$32,F32))/COUNTIF($F$25:$F$32,F32)) -> 0
B45: n | D45: clipped matches | F45: candidate n-grams | H45: precision pₙ | J45: ln pₙ
B46: 1-grams | D46: =SUM(C36:C43) -> 5 | F46: =COUNTIF(C25:C32,"?*") -> 5 | H46: =IF(F46=0,0,D46/F46) -> 1 | J46: =IF(H46>0,LN(H46),"p=0 → BLEU 0") -> 0
